Date,Open,High,Low,Close
23-Jan-23,8584.2,8591.75,8557.45,8577.45
20-Jan-23,8593.9,8602.3,8542.5,8548.8
19-Jan-23,8592.85,8608.8,8571.25,8588.8
18-Jan-23,8587.3,8622.25,8565.3,8614.65
17-Jan-23,8540.3,8583.85,8519.4,8575.7
16-Jan-23,8578.6,8591.55,8511.55,8527.05
13-Jan-23,8521.95,8562.7,8477.35,8549.5
12-Jan-23,8541.05,8550.7,8470.4,8512.35
11-Jan-23,8547.65,8565.95,8500.45,8524.95
10-Jan-23,8617.55,8618.95,8502.65,8537.5
09-Jan-23,8558.35,8619.25,8554.85,8606.25
06-Jan-23,8581.15,8590.95,8479.5,8508.65
05-Jan-23,8605.8,8614.6,8516.75,8572.45
04-Jan-23,8671.05,8677.45,8566.35,8575.95
03-Jan-23,8644.25,8677.3,8635.8,8667.55
02-Jan-23,8622.55,8654.95,8596.55,8647.85
30-Dec-22,8663.1,8678,8591.5,8604.4
29-Dec-22,8558.4,8639.75,8523.45,8622.1
28-Dec-22,8568.95,8612.55,8553.3,8592.85
27-Dec-22,8558.35,8592.15,8504.45,8583.75
26-Dec-22,8378.05,8543,8336.1,8514.5
23-Dec-22,8515.15,8541.8,8355,8370.05
22-Dec-22,8685.85,8706.8,8553.75,8588.35
21-Dec-22,8787.1,8808.9,8628.9,8645.75
20-Dec-22,8748.6,8768.4,8680.35,8760.65
19-Dec-22,8723.2,8780.9,8693.9,8776.15
16-Dec-22,8752.9,8802.2,8703.65,8710.15
15-Dec-22,8878.3,8895.3,8779,8792.65
14-Dec-22,8888.45,8905.65,8881.15,8892.1
13-Dec-22,8836.25,8863.65,8818.2,8858.45
12-Dec-22,8777.2,8820.7,8737.2,8815.95
09-Dec-22,8892,8893.75,8758.2,8805.75
08-Dec-22,8846.05,8866.2,8834.2,8861.85
07-Dec-22,8874.35,8885.75,8819.95,8834.45
06-Dec-22,8859.2,8877.5,8846.35,8868.75
05-Dec-22,8908.35,8911,8846.95,8893.45
02-Dec-22,8896,8903.3,8859.65,8889.95
01-Dec-22,8929.9,8930.9,8892.3,8909.9
30-Nov-22,8811.4,8901.7,8808.15,8877
29-Nov-22,8788.7,8828.55,8787.5,8802.5
28-Nov-22,8732.75,8806.05,8710.4,8787.8
25-Nov-22,8750.95,8764.6,8723.15,8755.75
24-Nov-22,8679.1,8742.8,8668.1,8728.9
23-Nov-22,8668.9,8669,8640.85,8650.75
22-Nov-22,8614.7,8638.35,8594.75,8633.45
21-Nov-22,8638.1,8642.8,8591.75,8603.8
18-Nov-22,8704.3,8710.3,8614.5,8657.35
17-Nov-22,8702.25,8718.8,8670.6,8683.45
16-Nov-22,8738.45,8746.65,8688.75,8719.7
15-Nov-22,8727.95,8744.7,8690.5,8736.5
14-Nov-22,8724.45,8729.95,8699.8,8712.05
11-Nov-22,8704.35,8718.5,8691.35,8711.15
10-Nov-22,8626.05,8644.2,8566.45,8596.9
09-Nov-22,8733.95,8735,8650.45,8668.15
07-Nov-22,8693,8713.1,8635.2,8695.15
04-Nov-22,8627.65,8654.35,8605.9,8648.15
03-Nov-22,8577.45,8639.65,8574,8620.8
02-Nov-22,8660.8,8661.2,8611.95,8626.9
01-Nov-22,8631.4,8652.15,8605.35,8647.4
31-Oct-22,8536.3,8590.3,8533.25,8585.25
28-Oct-22,8500.15,8513.25,8458.15,8485.4
27-Oct-22,8489.8,8503.9,8448.4,8488
25-Oct-22,8491.95,8493.15,8432.5,8440.55
24-Oct-22,8476.85,8489.6,8452.15,8462.9
21-Oct-22,8442.5,8454.65,8371.9,8396.4
20-Oct-22,8353.85,8424.55,8342.7,8415.6
19-Oct-22,8421.2,8439.45,8376.3,8392.2
18-Oct-22,8359.4,8394.55,8358.4,8385.6
17-Oct-22,8235.2,8309.95,8198.45,8301.95
14-Oct-22,8344.65,8350.7,8246.15,8252.6
13-Oct-22,8251.55,8263.5,8180.4,8206.7
12-Oct-22,8225.7,8269.65,8176.1,8261.35
11-Oct-22,8348.1,8349.35,8187.05,8203.5
10-Oct-22,8279,8352.3,8257.35,8331.45
07-Oct-22,8373.3,8387.6,8325.85,8378.1
06-Oct-22,8389.15,8421.2,8379.45,8385.15
04-Oct-22,8280.8,8339.65,8271.95,8334.3
03-Oct-22,8262.05,8274.85,8123.65,8152.6
30-Sep-22,8123,8286.1,8083.7,8257.7
29-Sep-22,8212,8232,8111.55,8131.5
28-Sep-22,8138.55,8222.95,8116,8140.1
27-Sep-22,8242.4,8281.2,8156.9,8199.65
26-Sep-22,8307.9,8316.1,8166.45,8197.7
23-Sep-22,8535.85,8555.7,8372.45,8386
22-Sep-22,8511.9,8569.25,8479.3,8541.05
21-Sep-22,8604.25,8641.65,8531.1,8553.8
20-Sep-22,8590.65,8664.1,8583.45,8615.1
19-Sep-22,8502.65,8549,8429.35,8518.1
16-Sep-22,8650.2,8657.05,8463.9,8490.45
15-Sep-22,8735.8,8757.55,8657.2,8677.85
14-Sep-22,8588.45,8735.7,8588.45,8704.25
13-Sep-22,8724.45,8734.65,8706.2,8725.2
12-Sep-22,8644.65,8687.2,8643.45,8674.2
09-Sep-22,8658.3,8658.9,8589.65,8612.25
08-Sep-22,8593.6,8603.95,8557.8,8598.65
07-Sep-22,8476,8539.2,8463.5,8531.4
06-Sep-22,8542.6,8568.6,8489.9,8526
05-Sep-22,8475.45,8526.3,8473.15,8516.5
02-Sep-22,8503.05,8521.2,8453.7,8463.3
01-Sep-22,8427.8,8521.55,8427.15,8468.25
30-Aug-22,8388.35,8534.55,8385.05,8527.15
29-Aug-22,8234.2,8357,8232.1,8333
26-Aug-22,8450.2,8481.2,8411.55,8428.8
25-Aug-22,8461.3,8486.3,8387.8,8401.9
24-Aug-22,8379.2,8429.45,8366.15,8422.8
23-Aug-22,8280.3,8414.5,8276.45,8393.75
22-Aug-22,8444,8445.65,8331.85,8343.45
19-Aug-22,8577.65,8588.55,8455.9,8473.1
18-Aug-22,8537.9,8571.2,8521.85,8565.2
17-Aug-22,8520.25,8561,8510.25,8550.15
16-Aug-22,8463.2,8498.85,8452.85,8495
12-Aug-22,8397.1,8430.1,8373.9,8417.8
11-Aug-22,8409.55,8413.45,8378.75,8392.35
10-Aug-22,8359.55,8359.55,8296.25,8333.1
08-Aug-22,8292.6,8346.7,8268.35,8337.3
05-Aug-22,8304.45,8326.4,8272.1,8286.25
04-Aug-22,8311.7,8328.35,8168.2,8281.5
03-Aug-22,8277.35,8291.5,8204,8274
02-Aug-22,8249.05,8290.8,8212.65,8274.1
01-Aug-22,8197.8,8263,8156.25,8256.7
29-Jul-22,8112.85,8161.9,8094.05,8155.3
28-Jul-22,7990.95,8053.75,7971.5,8046.95
27-Jul-22,7862.55,7939.5,7844.4,7934.15
26-Jul-22,7947.95,7948.95,7857.15,7867.55
25-Jul-22,7961.2,7976.05,7916.45,7944.85
22-Jul-22,7970.75,7989.45,7937.55,7976.5
21-Jul-22,7886.35,7950.3,7868.9,7941.05
20-Jul-22,7913.1,7918.65,7868,7881.4
19-Jul-22,7747.95,7828.7,7747.85,7819.8
18-Jul-22,7725.55,7786.35,7722.2,7781.45
15-Jul-22,7657.4,7680.95,7620.75,7673.35
14-Jul-22,7663.85,7678.25,7577.8,7625.1
13-Jul-22,7704.35,7714.65,7632.5,7639.2
12-Jul-22,7693.1,7717.5,7656.65,7668.55
11-Jul-22,7662.3,7737.95,7653.5,7727.55
08-Jul-22,7718.2,7718.75,7661.95,7693.35
07-Jul-22,7641.3,7664.75,7614.75,7658.15
06-Jul-22,7495.75,7591.3,7478.55,7582.6
05-Jul-22,7529.15,7582.15,7477.25,7489.5
04-Jul-22,7442.95,7500.95,7420.35,7494.95
01-Jul-22,7418.4,7466.2,7339.2,7450.9
30-Jun-22,7461.2,7506.25,7427.55,7446.9
29-Jun-22,7420.2,7489.2,7414.7,7464.55
28-Jun-22,7448.1,7502.7,7415.4,7489.9
27-Jun-22,7511.7,7514.3,7471.55,7478
24-Jun-22,7378.7,7416.95,7367.6,7409.25
23-Jun-22,7274.4,7357.75,7240.8,7328
22-Jun-22,7326.8,7331.6,7245,7255.25
21-Jun-22,7249.75,7380.8,7237.55,7362.4
20-Jun-22,7246.05,7259.05,7145.35,7198.4
17-Jun-22,7238.6,7293.95,7177.45,7228.7
16-Jun-22,7517.8,7528.5,7268.2,7281.7
15-Jun-22,7463.55,7483.75,7438.3,7446.1
14-Jun-22,7424.3,7516.1,7414.35,7449.55
13-Jun-22,7525.55,7529,7432.4,7465.75
10-Jun-22,7693.85,7713.5,7657.1,7670.1
09-Jun-22,7689.85,7784.25,7674.95,7777.75
08-Jun-22,7781.45,7803,7698.4,7728.25
07-Jun-22,7779.55,7785.85,7727.05,7755.4
06-Jun-22,7815,7835.7,7752.5,7820.65
03-Jun-22,7948.1,7958.9,7827.2,7834.35
02-Jun-22,7823.95,7891.65,7807.95,7885.35
01-Jun-22,7861.4,7892.35,7795,7836.2
31-May-22,7844.85,7906.6,7823.5,7853.8
30-May-22,7798.1,7875.45,7791.05,7871.2
27-May-22,7696.65,7721.7,7657.15,7714.75
26-May-22,7592.65,7650.05,7474.4,7631.1
25-May-22,7681.8,7691,7549.9,7557.15
24-May-22,7713.3,7727.35,7629.2,7649.9
23-May-22,7754.05,7794.75,7688.6,7700.7
20-May-22,7656.25,7740.6,7645.15,7734.3
19-May-22,7582.6,7614.15,7525.7,7542.45
18-May-22,7785.5,7827.4,7733.5,7745.9
17-May-22,7594.75,7759.9,7586.15,7749.65
16-May-22,7533.55,7591.9,7474.25,7551.15
13-May-22,7576.15,7642.6,7474.7,7494.85
12-May-22,7595.35,7603.05,7446.65,7488.65
11-May-22,7728.4,7762.5,7556.8,7659.6
10-May-22,7769,7833.3,7692.2,7710.55
09-May-22,7797.6,7843.2,7727.05,7789.5
06-May-22,7884.45,7909.45,7835.3,7876.25
05-May-22,8098.35,8133.4,7999.5,8016.15
04-May-22,8226.5,8241.7,7987.15,8015.3
02-May-22,8156.7,8213.7,8139.2,8205.65
29-Apr-22,8348.1,8359.3,8210.15,8232.3
28-Apr-22,8291.85,8333.05,8223.85,8304.7
27-Apr-22,8242.45,8258.35,8175.8,8219.35
26-Apr-22,8256.25,8307.7,8236.95,8298.3
25-Apr-22,8223.9,8228.9,8147,8174.8
22-Apr-22,8327.4,8366.55,8288.55,8299.5
21-Apr-22,8326.35,8393.2,8317.35,8385.7
20-Apr-22,8248.8,8303.05,8216.5,8272.05
19-Apr-22,8363,8380,8142.65,8203.75
18-Apr-22,8323.85,8339.65,8256.4,8314.3
13-Apr-22,8485.85,8511.6,8424.45,8430.95
12-Apr-22,8510.1,8510.9,8395.15,8443.6
11-Apr-22,8540.1,8567.75,8516.4,8533.75
08-Apr-22,8501.25,8565.45,8464.3,8541.4
07-Apr-22,8513.55,8552.25,8452.5,8461.55
06-Apr-22,8523.9,8564.55,8510.5,8531.7
05-Apr-22,8584.8,8611.4,8544.7,8563.25
04-Apr-22,8450.1,8561.35,8445.9,8556.4
01-Apr-22,8279.1,8404.1,8275.05,8390.95
31-Mar-22,8298.25,8319.55,8268.5,8280.9
30-Mar-22,8271.95,8297.15,8241.25,8281.6
29-Mar-22,8196,8211.4,8166.1,8205.55
28-Mar-22,8166.3,8171.1,8070.1,8157.75
25-Mar-22,8210.45,8212.85,8113.7,8147.05
24-Mar-22,8119.8,8200.05,8118.15,8174.25
23-Mar-22,8234.5,8250.05,8153.9,8172.4
22-Mar-22,8128.3,8196.25,8061.4,8188.55
21-Mar-22,8215.85,8225,8115.55,8121.9
17-Mar-22,8157.35,8206.15,8144.95,8186.35
16-Mar-22,8005.3,8059.7,7992.8,8054.25
15-Mar-22,8015.35,8029.3,7859.9,7907
14-Mar-22,7927.85,8004.35,7893.55,7995.8
11-Mar-22,7868.95,7937.65,7843.3,7920.4
10-Mar-22,7961.4,7964.55,7832.5,7892.05
09-Mar-22,7668.3,7808.1,7633.25,7776.1
08-Mar-22,7510.95,7630.5,7466.5,7623.1
07-Mar-22,7561.15,7584.5,7473.5,7543
04-Mar-22,7797.15,7827.5,7691.25,7726.6
03-Mar-22,7966.6,7987.75,7838.1,7860.95
02-Mar-22,7872.6,7931.85,7842.55,7894.75
28-Feb-22,7808.65,7960.2,7742.1,7953.05
25-Feb-22,7790,7918.75,7784.6,7885.65
24-Feb-22,7812.1,7881,7639.4,7654.7
23-Feb-22,8102.75,8131.65,8050.5,8064.1
22-Feb-22,7930.25,8072.75,7929.2,8051.15
21-Feb-22,8140.95,8191.4,8060.9,8114.4
18-Feb-22,8182.65,8240.15,8171.9,8181.6
17-Feb-22,8265.15,8286.8,8191.3,8216.4
16-Feb-22,8274.5,8308.8,8209.05,8227.45
15-Feb-22,8048.8,8243.25,7979.6,8233.8
14-Feb-22,8127.5,8145.65,7994.35,8010.85
11-Feb-22,8340.8,8341.7,8270.6,8286.4
10-Feb-22,8395.35,8422.35,8332.8,8409.7
09-Feb-22,8317.85,8363.05,8306.95,8357.55
08-Feb-22,8311.7,8327.85,8176.5,8270
07-Feb-22,8388.1,8422.35,8239.75,8280.65
04-Feb-22,8440.05,8456.6,8378.65,8398.6
03-Feb-22,8509.7,8513.7,8407.05,8426.15
02-Feb-22,8468.85,8517.35,8460,8511.2
01-Feb-22,8388.45,8423.9,8264.45,8411.6
31-Jan-22,8291.65,8334.75,8269.65,8304.15
28-Jan-22,8223.05,8323,8183.9,8195.65
27-Jan-22,8164.7,8202,8065,8170.75
25-Jan-22,8110.1,8264.55,8016.2,8253.15
24-Jan-22,8436.15,8441.75,8110.2,8185.3
21-Jan-22,8493,8516.85,8388.1,8450.15
20-Jan-22,8607.55,8621.1,8507.5,8552.4
19-Jan-22,8670,8670,8572.3,8611.55
18-Jan-22,8805.2,8813.25,8651.8,8666.35
17-Jan-22,8755.2,8790.9,8747.95,8783.1
14-Jan-22,8717.2,8766.75,8690.4,8753.4
13-Jan-22,8740.6,8751.65,8695.2,8746.25
12-Jan-22,8695.45,8722.5,8678.45,8716.5
11-Jan-22,8624.6,8658.35,8603.95,8641.2
10-Jan-22,8583.35,8626.75,8569.4,8622.2
07-Jan-22,-,-,-,8538.94
06-Jan-22,-,-,-,8506.04
05-Jan-22,-,-,-,8562.86
04-Jan-22,-,-,-,8520.42
03-Jan-22,-,-,-,8457.25
31-Dec-21,-,-,-,8340.8
30-Dec-21,-,-,-,8255.03
29-Dec-21,-,-,-,8266.88
28-Dec-21,-,-,-,8269.05
27-Dec-21,-,-,-,8189.82
24-Dec-21,-,-,-,8154.65
23-Dec-21,-,-,-,8202.94
22-Dec-21,-,-,-,8141.31
21-Dec-21,-,-,-,8041.17
20-Dec-21,-,-,-,7952.05
17-Dec-21,-,-,-,8161.68
16-Dec-21,-,-,-,8309.85
15-Dec-21,-,-,-,8320.74
14-Dec-21,-,-,-,8370.45
13-Dec-21,-,-,-,8381.3
10-Dec-21,-,-,-,8430.19
09-Dec-21,-,-,-,8412.62
08-Dec-21,-,-,-,8381.91
07-Dec-21,-,-,-,8249.19
06-Dec-21,-,-,-,8129.28
03-Dec-21,-,-,-,8261.07
02-Dec-21,-,-,-,8323.62
01-Dec-21,-,-,-,8218.01
30-Nov-21,-,-,-,8143.18
29-Nov-21,-,-,-,8146.68
26-Nov-21,-,-,-,8179.27
25-Nov-21,-,-,-,8426.07
24-Nov-21,-,-,-,8366.85
23-Nov-21,-,-,-,8398.3
22-Nov-21,-,-,-,8322.44
18-Nov-21,-,-,-,8506.05
17-Nov-21,-,-,-,8592.15
16-Nov-21,-,-,-,8630.44
15-Nov-21,-,-,-,8666
12-Nov-21,-,-,-,8661.23
11-Nov-21,-,-,-,8570.51
10-Nov-21,-,-,-,8631.01
09-Nov-21,-,-,-,8642.48
08-Nov-21,-,-,-,8629.07
04-Nov-21,-,-,-,8549.89
03-Nov-21,-,-,-,8495.57
02-Nov-21,-,-,-,8513.88
01-Nov-21,-,-,-,8504.8
29-Oct-21,-,-,-,8385.28
28-Oct-21,-,-,-,8442.82
27-Oct-21,-,-,-,8606.36
26-Oct-21,-,-,-,8614.47
25-Oct-21,-,-,-,8520.15
22-Oct-21,-,-,-,8559.51
21-Oct-21,-,-,-,8609.8
20-Oct-21,-,-,-,8653.04
19-Oct-21,-,-,-,8759.83
18-Oct-21,-,-,-,8833.94
14-Oct-21,-,-,-,8769.06
13-Oct-21,-,-,-,8693.77
12-Oct-21,-,-,-,8610.6
11-Oct-21,-,-,-,8580.69
08-Oct-21,-,-,-,8545.38
07-Oct-21,-,-,-,8503.18
06-Oct-21,-,-,-,8416.56
05-Oct-21,-,-,-,8497.59
04-Oct-21,-,-,-,8442.24
01-Oct-21,-,-,-,8347.52
30-Sep-21,-,-,-,8367.76
29-Sep-21,-,-,-,8385.54
28-Sep-21,-,-,-,8388.36
27-Sep-21,-,-,-,8439.28
24-Sep-21,-,-,-,8440.79
23-Sep-21,-,-,-,8448.32
22-Sep-21,-,-,-,8330.09
21-Sep-21,-,-,-,8303.42
20-Sep-21,-,-,-,8238.03
17-Sep-21,-,-,-,8351.25
16-Sep-21,-,-,-,8393.66
15-Sep-21,-,-,-,8347.85
14-Sep-21,-,-,-,8282.36
13-Sep-21,-,-,-,8252.92
09-Sep-21,-,-,-,8242.81
08-Sep-21,-,-,-,8223.34
07-Sep-21,-,-,-,8210.56
06-Sep-21,-,-,-,8222.96
03-Sep-21,-,-,-,8197.33
02-Sep-21,-,-,-,8156.04
01-Sep-21,-,-,-,8081.79
31-Aug-21,-,-,-,8084.47
30-Aug-21,-,-,-,7999.05
27-Aug-21,-,-,-,7885.06
26-Aug-21,-,-,-,7837.17
25-Aug-21,-,-,-,7829.65
24-Aug-21,-,-,-,7811.87
23-Aug-21,-,-,-,7735.23
20-Aug-21,-,-,-,7747.77
18-Aug-21,-,-,-,7835.22
17-Aug-21,-,-,-,7846.42
16-Aug-21,-,-,-,7824.92
13-Aug-21,-,-,-,7823.91
12-Aug-21,-,-,-,7774.39
11-Aug-21,-,-,-,7717.28
10-Aug-21,-,-,-,7726.7
09-Aug-21,-,-,-,7756.34
06-Aug-21,-,-,-,7769.42
05-Aug-21,-,-,-,7783.55
04-Aug-21,-,-,-,7779.14
03-Aug-21,-,-,-,7765.74
02-Aug-21,-,-,-,7680.58
30-Jul-21,-,-,-,7613.3
29-Jul-21,-,-,-,7601.77
28-Jul-21,-,-,-,7564.95
27-Jul-21,-,-,-,7582.53
26-Jul-21,-,-,-,7616.86
23-Jul-21,-,-,-,7621.52
22-Jul-21,-,-,-,7612.83
20-Jul-21,-,-,-,7515.6
19-Jul-21,-,-,-,7586.86
16-Jul-21,-,-,-,7652.56
15-Jul-21,-,-,-,7640.11
14-Jul-21,-,-,-,7607.84
13-Jul-21,-,-,-,7589.76
12-Jul-21,-,-,-,7546.15
09-Jul-21,-,-,-,7532.27
08-Jul-21,-,-,-,7533.7
07-Jul-21,-,-,-,7587.46
06-Jul-21,-,-,-,7556.58
05-Jul-21,-,-,-,7563.93
02-Jul-21,-,-,-,7511.51
01-Jul-21,-,-,-,7486.49
30-Jun-21,-,-,-,7496.41
29-Jun-21,-,-,-,7500.17
28-Jun-21,-,-,-,7526.94
25-Jun-21,-,-,-,7529.19
24-Jun-21,-,-,-,7489.67
23-Jun-21,-,-,-,7465.68
22-Jun-21,-,-,-,7503.45
21-Jun-21,-,-,-,7482.83
18-Jun-21,-,-,-,7442.74
17-Jun-21,-,-,-,7465.17
16-Jun-21,-,-,-,7512.39
15-Jun-21,-,-,-,7565.54
14-Jun-21,-,-,-,7534.83
11-Jun-21,-,-,-,7538.76
10-Jun-21,-,-,-,7511.73
09-Jun-21,-,-,-,7442.55
08-Jun-21,-,-,-,7498.22
07-Jun-21,-,-,-,7487.9
04-Jun-21,-,-,-,7438.9
03-Jun-21,-,-,-,7429.55
02-Jun-21,-,-,-,7369.22
01-Jun-21,-,-,-,7331.44
31-May-21,-,-,-,7341.32
28-May-21,-,-,-,7281.67
27-May-21,-,-,-,7254.83
26-May-21,-,-,-,7230.7
25-May-21,-,-,-,7196.87
24-May-21,-,-,-,7195.68
21-May-21,-,-,-,7170.07
20-May-21,-,-,-,7070.48
19-May-21,-,-,-,7109.53
18-May-21,-,-,-,7124.77
17-May-21,-,-,-,7032.49
14-May-21,-,-,-,6921.19
12-May-21,-,-,-,6958.07
11-May-21,-,-,-,7015.58
10-May-21,-,-,-,7029.26
07-May-21,-,-,-,6968.51
06-May-21,-,-,-,6933.52
05-May-21,-,-,-,6884
04-May-21,-,-,-,6821.13
03-May-21,-,-,-,6873.49
30-Apr-21,-,-,-,6853.58
29-Apr-21,-,-,-,6944.92
28-Apr-21,-,-,-,6936.38
27-Apr-21,-,-,-,6850.04
26-Apr-21,-,-,-,6768.78
23-Apr-21,-,-,-,6706.91
22-Apr-21,-,-,-,6721.08
20-Apr-21,-,-,-,6677.92
19-Apr-21,-,-,-,6688.15
16-Apr-21,-,-,-,6811.7
15-Apr-21,-,-,-,6777.4
13-Apr-21,-,-,-,6750.28
12-Apr-21,-,-,-,6659.88
09-Apr-21,-,-,-,6941.59
08-Apr-21,-,-,-,6948.69
07-Apr-21,-,-,-,6914.01
06-Apr-21,-,-,-,6844.87
05-Apr-21,-,-,-,6811.45
01-Apr-21,-,-,-,6910.89
31-Mar-21,-,-,-,6817.25
30-Mar-21,-,-,-,6857.16
26-Mar-21,-,-,-,6726.12
25-Mar-21,-,-,-,6640.18
24-Mar-21,-,-,-,6753.96
23-Mar-21,-,-,-,6875.33
22-Mar-21,-,-,-,6831.66
19-Mar-21,-,-,-,6817.34
18-Mar-21,-,-,-,6740.25
17-Mar-21,-,-,-,6822.33
16-Mar-21,-,-,-,6930.47
15-Mar-21,-,-,-,6928.38
12-Mar-21,-,-,-,6974.48
10-Mar-21,-,-,-,7027.89
09-Mar-21,-,-,-,6986.57
08-Mar-21,-,-,-,6955.5
05-Mar-21,-,-,-,6943.15
04-Mar-21,-,-,-,7026.35
03-Mar-21,-,-,-,7066.61
02-Mar-21,-,-,-,6931.45
01-Mar-21,-,-,-,6847.74
26-Feb-21,-,-,-,6744.06
25-Feb-21,-,-,-,6955.16
24-Feb-21,-,-,-,6892.67
23-Feb-21,-,-,-,6787.21
22-Feb-21,-,-,-,6757.95
19-Feb-21,-,-,-,6882.22
18-Feb-21,-,-,-,6951.92
17-Feb-21,-,-,-,6967.62
16-Feb-21,-,-,-,6993.48
15-Feb-21,-,-,-,6985.39
12-Feb-21,-,-,-,6918.1
11-Feb-21,-,-,-,6920.8
10-Feb-21,-,-,-,6886
09-Feb-21,-,-,-,6875.71
08-Feb-21,-,-,-,6879.94
05-Feb-21,-,-,-,6790.7
04-Feb-21,-,-,-,6793.81
03-Feb-21,-,-,-,6731.39
02-Feb-21,-,-,-,6664.07
01-Feb-21,-,-,-,6508.56
29-Jan-21,-,-,-,6252.08
28-Jan-21,-,-,-,6328.53
27-Jan-21,-,-,-,6384.33
25-Jan-21,-,-,-,6492.4
22-Jan-21,-,-,-,6554.05
21-Jan-21,-,-,-,6643.33
20-Jan-21,-,-,-,6678.34
19-Jan-21,-,-,-,6624.8
18-Jan-21,-,-,-,6511.38
15-Jan-21,-,-,-,6597.99
14-Jan-21,-,-,-,6673.75
13-Jan-21,-,-,-,6658.3
12-Jan-21,-,-,-,6668.52
11-Jan-21,-,-,-,6639.57
08-Jan-21,-,-,-,6595.95
07-Jan-21,-,-,-,6508.66
06-Jan-21,-,-,-,6492.27
05-Jan-21,-,-,-,6507.95
04-Jan-21,-,-,-,6466.39
01-Jan-21,-,-,-,6401.25
31-Dec-20,-,-,-,6369.58
30-Dec-20,-,-,-,6364.53
29-Dec-20,-,-,-,6341.09
28-Dec-20,-,-,-,6322.41
24-Dec-20,-,-,-,6260.75
23-Dec-20,-,-,-,6206.07
22-Dec-20,-,-,-,6120.82
21-Dec-20,-,-,-,6059.42
18-Dec-20,-,-,-,6277.68
17-Dec-20,-,-,-,6273.74
16-Dec-20,-,-,-,6260.05
15-Dec-20,-,-,-,6207.21
14-Dec-20,-,-,-,6202.39
11-Dec-20,-,-,-,6177.53
10-Dec-20,-,-,-,6160.35
09-Dec-20,-,-,-,6182.13
08-Dec-20,-,-,-,6130.78
07-Dec-20,-,-,-,6120.95
04-Dec-20,-,-,-,6068.61
03-Dec-20,-,-,-,6021.68
02-Dec-20,-,-,-,6000.66
01-Dec-20,-,-,-,5987.34
27-Nov-20,-,-,-,5922.42
26-Nov-20,-,-,-,5897.29
25-Nov-20,-,-,-,5842.11
24-Nov-20,-,-,-,5928.83
23-Nov-20,-,-,-,5875.24
20-Nov-20,-,-,-,5833.47
19-Nov-20,-,-,-,5787.68
18-Nov-20,-,-,-,5848.04
17-Nov-20,-,-,-,5812.11
14-Nov-20,-,-,-,5765.64
13-Nov-20,-,-,-,5735.5
12-Nov-20,-,-,-,5710.27
11-Nov-20,-,-,-,5716.76
10-Nov-20,-,-,-,5668.66
09-Nov-20,-,-,-,5618.91
06-Nov-20,-,-,-,5540.84
05-Nov-20,-,-,-,5487.04
04-Nov-20,-,-,-,5392.93
03-Nov-20,-,-,-,5355.61
02-Nov-20,-,-,-,5300.73
30-Oct-20,-,-,-,5293.57
29-Oct-20,-,-,-,5299.72
28-Oct-20,-,-,-,5321.12
27-Oct-20,-,-,-,5384.89
26-Oct-20,-,-,-,5330.25
23-Oct-20,-,-,-,5403.29
22-Oct-20,-,-,-,5383.08
21-Oct-20,-,-,-,5388.76
20-Oct-20,-,-,-,5375.84
19-Oct-20,-,-,-,5362.52
16-Oct-20,-,-,-,5316.49
15-Oct-20,-,-,-,5274.76
14-Oct-20,-,-,-,5392.22
13-Oct-20,-,-,-,5377.46
12-Oct-20,-,-,-,5382.1
09-Oct-20,-,-,-,5385.8
08-Oct-20,-,-,-,5364.94
07-Oct-20,-,-,-,5333.95
06-Oct-20,-,-,-,5317.3
05-Oct-20,-,-,-,5258.77
01-Oct-20,-,-,-,5228.33
30-Sep-20,-,-,-,5162.48
29-Sep-20,-,-,-,5150.52
28-Sep-20,-,-,-,5155.93
25-Sep-20,-,-,-,5059.61
24-Sep-20,-,-,-,4942.48
23-Sep-20,-,-,-,5080.38
22-Sep-20,-,-,-,5090.75
21-Sep-20,-,-,-,5146.21
18-Sep-20,-,-,-,5283.56
17-Sep-20,-,-,-,5287.53
16-Sep-20,-,-,-,5323.82
15-Sep-20,-,-,-,5291.28
14-Sep-20,-,-,-,5247.05
11-Sep-20,-,-,-,5219.25
10-Sep-20,-,-,-,5204.52
09-Sep-20,-,-,-,5132.34
08-Sep-20,-,-,-,5155.17
07-Sep-20,-,-,-,5183.05
04-Sep-20,-,-,-,5182.48
03-Sep-20,-,-,-,5268.8
02-Sep-20,-,-,-,5259.47
01-Sep-20,-,-,-,5216.48
31-Aug-20,-,-,-,5178.65
28-Aug-20,-,-,-,5329.77
27-Aug-20,-,-,-,5298.12
26-Aug-20,-,-,-,5290.69
25-Aug-20,-,-,-,5258.31
24-Aug-20,-,-,-,5252.15
21-Aug-20,-,-,-,5210.05
20-Aug-20,-,-,-,5178.95
19-Aug-20,-,-,-,5201.43
18-Aug-20,-,-,-,5183.66
17-Aug-20,-,-,-,5120.25
14-Aug-20,-,-,-,5090.2
13-Aug-20,-,-,-,5142.06
12-Aug-20,-,-,-,5128.64
11-Aug-20,-,-,-,5131.59
10-Aug-20,-,-,-,5119.2
07-Aug-20,-,-,-,5079.64
06-Aug-20,-,-,-,5062.56
05-Aug-20,-,-,-,5017.99
04-Aug-20,-,-,-,5009.16
03-Aug-20,-,-,-,4930.31
31-Jul-20,-,-,-,4985.21
30-Jul-20,-,-,-,4982.44
29-Jul-20,-,-,-,5017.44
28-Jul-20,-,-,-,5041.53
27-Jul-20,-,-,-,4977.7
24-Jul-20,-,-,-,5011.93
23-Jul-20,-,-,-,5027.29
22-Jul-20,-,-,-,4990.18
21-Jul-20,-,-,-,5003.29
20-Jul-20,-,-,-,4956.62
17-Jul-20,-,-,-,4907.06
16-Jul-20,-,-,-,4836.07
15-Jul-20,-,-,-,4794.69
14-Jul-20,-,-,-,4797.28
13-Jul-20,-,-,-,4874.77
10-Jul-20,-,-,-,4864.05
09-Jul-20,-,-,-,4885.03
08-Jul-20,-,-,-,4848.5
07-Jul-20,-,-,-,4884.24
06-Jul-20,-,-,-,4865.31
03-Jul-20,-,-,-,4799.87
02-Jul-20,-,-,-,4773.68
01-Jul-20,-,-,-,4722.28
30-Jun-20,-,-,-,4677.86
29-Jun-20,-,-,-,4685.38
26-Jun-20,-,-,-,4724.56
25-Jun-20,-,-,-,4691.89
24-Jun-20,-,-,-,4689.56
23-Jun-20,-,-,-,4758.21
22-Jun-20,-,-,-,4683.28
19-Jun-20,-,-,-,4637.32
18-Jun-20,-,-,-,4571.68
17-Jun-20,-,-,-,4492.16
16-Jun-20,-,-,-,4497.83
15-Jun-20,-,-,-,4461.93
12-Jun-20,-,-,-,4521.45
11-Jun-20,-,-,-,4488.9
10-Jun-20,-,-,-,4574.46
09-Jun-20,-,-,-,4543.72
08-Jun-20,-,-,-,4591.15
05-Jun-20,-,-,-,4576.56
04-Jun-20,-,-,-,4512.15
03-Jun-20,-,-,-,4521.15
02-Jun-20,-,-,-,4484.53
01-Jun-20,-,-,-,4419.37
29-May-20,-,-,-,4310.3
28-May-20,-,-,-,4260.67
27-May-20,-,-,-,4185.41
26-May-20,-,-,-,4091.82
22-May-20,-,-,-,4086.9
21-May-20,-,-,-,4116.89
20-May-20,-,-,-,4092.44
19-May-20,-,-,-,4014.63
18-May-20,-,-,-,3993.66
15-May-20,-,-,-,4136.08
14-May-20,-,-,-,4141.68
13-May-20,-,-,-,4224.84
12-May-20,-,-,-,4144.23
11-May-20,-,-,-,4163.83
08-May-20,-,-,-,4161.42
07-May-20,-,-,-,4144.87
06-May-20,-,-,-,4174.7
05-May-20,-,-,-,4146.07
04-May-20,-,-,-,4186.71
30-Apr-20,-,-,-,4415.03
29-Apr-20,-,-,-,4297.67
28-Apr-20,-,-,-,4229.17
27-Apr-20,-,-,-,4191.54
24-Apr-20,-,-,-,4130.68
23-Apr-20,-,-,-,4203.54
22-Apr-20,-,-,-,4152.99
21-Apr-20,-,-,-,4077.44
20-Apr-20,-,-,-,4198.34
17-Apr-20,-,-,-,4197.18
16-Apr-20,-,-,-,4085.61
15-Apr-20,-,-,-,4047.6
13-Apr-20,-,-,-,4055.83
09-Apr-20,-,-,-,4099.99
08-Apr-20,-,-,-,3945.51
07-Apr-20,-,-,-,3937.76
03-Apr-20,-,-,-,3657.72
01-Apr-20,-,-,-,3724.74
31-Mar-20,-,-,-,3852.44
30-Mar-20,-,-,-,3716.4
27-Mar-20,-,-,-,3855.29
26-Mar-20,-,-,-,3849.6
25-Mar-20,-,-,-,3701.07
24-Mar-20,-,-,-,3505.18
23-Mar-20,-,-,-,3439.28
20-Mar-20,-,-,-,3943.91
19-Mar-20,-,-,-,3750.67
18-Mar-20,-,-,-,3863.42
17-Mar-20,-,-,-,4088.12
16-Mar-20,-,-,-,4184.26
13-Mar-20,-,-,-,4498.09
12-Mar-20,-,-,-,4355.74
11-Mar-20,-,-,-,4752.27
09-Mar-20,-,-,-,4759.67
06-Mar-20,-,-,-,4996.07
05-Mar-20,-,-,-,5117.68
04-Mar-20,-,-,-,5105.68
03-Mar-20,-,-,-,5142.94
02-Mar-20,-,-,-,5063.48
28-Feb-20,-,-,-,5095.57
27-Feb-20,-,-,-,5285.93
26-Feb-20,-,-,-,5310.37
25-Feb-20,-,-,-,5366.65
24-Feb-20,-,-,-,5385.41
20-Feb-20,-,-,-,5495.48
19-Feb-20,-,-,-,5501.55
18-Feb-20,-,-,-,5432.57
17-Feb-20,-,-,-,5457.67
14-Feb-20,-,-,-,5496.74
13-Feb-20,-,-,-,5528.05
12-Feb-20,-,-,-,5538.64
11-Feb-20,-,-,-,5511.81
10-Feb-20,-,-,-,5489.28
07-Feb-20,-,-,-,5519.66
06-Feb-20,-,-,-,5521.43
05-Feb-20,-,-,-,5492.03
04-Feb-20,-,-,-,5438.08
03-Feb-20,-,-,-,5326.37
01-Feb-20,-,-,-,5302.76
31-Jan-20,-,-,-,5443.95
30-Jan-20,-,-,-,5476.03
29-Jan-20,-,-,-,5526.24
28-Jan-20,-,-,-,5497.44
27-Jan-20,-,-,-,5521.62
24-Jan-20,-,-,-,5568.01
23-Jan-20,-,-,-,5533.67
22-Jan-20,-,-,-,5493.07
21-Jan-20,-,-,-,5515.39
20-Jan-20,-,-,-,5535.96
17-Jan-20,-,-,-,5587.53
16-Jan-20,-,-,-,5582.6
15-Jan-20,-,-,-,5569.37
14-Jan-20,-,-,-,5562.37
13-Jan-20,-,-,-,5543.52
10-Jan-20,-,-,-,5507.17
09-Jan-20,-,-,-,5488.33
08-Jan-20,-,-,-,5404.07
07-Jan-20,-,-,-,5411.49
06-Jan-20,-,-,-,5378.76
03-Jan-20,-,-,-,5486.66
02-Jan-20,-,-,-,5507.45
01-Jan-20,-,-,-,5455.76
31-Dec-19,-,-,-,5446.46
30-Dec-19,-,-,-,5474.58
27-Dec-19,-,-,-,5464.94
26-Dec-19,-,-,-,5414.48
24-Dec-19,-,-,-,5441.66
23-Dec-19,-,-,-,5457.44
20-Dec-19,-,-,-,5461.84
19-Dec-19,-,-,-,5454.64
18-Dec-19,-,-,-,5439.54
17-Dec-19,-,-,-,5421.7
16-Dec-19,-,-,-,5378.32
13-Dec-19,-,-,-,5395.07
12-Dec-19,-,-,-,5344
11-Dec-19,-,-,-,5313.51
10-Dec-19,-,-,-,5291.8
09-Dec-19,-,-,-,5334.29
06-Dec-19,-,-,-,5333.48
05-Dec-19,-,-,-,5382.3
04-Dec-19,-,-,-,5395.78
03-Dec-19,-,-,-,5374.6
02-Dec-19,-,-,-,5405.13
29-Nov-19,-,-,-,5414.05
28-Nov-19,-,-,-,5444.33
27-Nov-19,-,-,-,5415.12
26-Nov-19,-,-,-,5386.24
25-Nov-19,-,-,-,5407.7
22-Nov-19,-,-,-,5340.63
21-Nov-19,-,-,-,5358.51
20-Nov-19,-,-,-,5376.17
19-Nov-19,-,-,-,5352.94
18-Nov-19,-,-,-,5334.83
15-Nov-19,-,-,-,5334.11
14-Nov-19,-,-,-,5325.05
13-Nov-19,-,-,-,5316.77
11-Nov-19,-,-,-,5351.44
08-Nov-19,-,-,-,5344.73
07-Nov-19,-,-,-,5389.25
06-Nov-19,-,-,-,5365.61
05-Nov-19,-,-,-,5350.88
04-Nov-19,-,-,-,5372.48
01-Nov-19,-,-,-,5356.78
31-Oct-19,-,-,-,5348.81
30-Oct-19,-,-,-,5325.16
29-Oct-19,-,-,-,5297.95
27-Oct-19,-,-,-,5231.86
25-Oct-19,-,-,-,5205.17
24-Oct-19,-,-,-,5209.07
23-Oct-19,-,-,-,5220.79
22-Oct-19,-,-,-,5215.14
18-Oct-19,-,-,-,5231.73
17-Oct-19,-,-,-,5182.53
16-Oct-19,-,-,-,5122.75
15-Oct-19,-,-,-,5107.38
14-Oct-19,-,-,-,5074.14
11-Oct-19,-,-,-,5057.03
10-Oct-19,-,-,-,5030.6
09-Oct-19,-,-,-,5066.77
07-Oct-19,-,-,-,4992.11
04-Oct-19,-,-,-,5020.6
03-Oct-19,-,-,-,5079.18
01-Oct-19,-,-,-,5100.41
30-Sep-19,-,-,-,5159.05
27-Sep-19,-,-,-,5190.23
26-Sep-19,-,-,-,5216.95
25-Sep-19,-,-,-,5162.4
24-Sep-19,-,-,-,5234.71
23-Sep-19,-,-,-,5240.84
20-Sep-19,-,-,-,5099.37
19-Sep-19,-,-,-,4845.01
18-Sep-19,-,-,-,4906.82
17-Sep-19,-,-,-,4893.83
16-Sep-19,-,-,-,4979.78
13-Sep-19,-,-,-,5001.72
12-Sep-19,-,-,-,4963.6
11-Sep-19,-,-,-,4981.87
09-Sep-19,-,-,-,4956.35
06-Sep-19,-,-,-,4927.12
05-Sep-19,-,-,-,4885.89
04-Sep-19,-,-,-,4877.9
03-Sep-19,-,-,-,4860.93
30-Aug-19,-,-,-,4957.35
29-Aug-19,-,-,-,4918.06
28-Aug-19,-,-,-,4954.02
27-Aug-19,-,-,-,4982.45
26-Aug-19,-,-,-,4949.4
23-Aug-19,-,-,-,4853.2
22-Aug-19,-,-,-,4814.11
21-Aug-19,-,-,-,4895.05
20-Aug-19,-,-,-,4946.97
19-Aug-19,-,-,-,4969.68
16-Aug-19,-,-,-,4964.32
14-Aug-19,-,-,-,4955.11
13-Aug-19,-,-,-,4910.86
09-Aug-19,-,-,-,4997.07
08-Aug-19,-,-,-,4959.32
07-Aug-19,-,-,-,4891.03
06-Aug-19,-,-,-,4925.89
05-Aug-19,-,-,-,4877.33
02-Aug-19,-,-,-,4939.63
01-Aug-19,-,-,-,4935.57
31-Jul-19,-,-,-,4995.97
30-Jul-19,-,-,-,4973.97
29-Jul-19,-,-,-,5033.2
26-Jul-19,-,-,-,5079.84
25-Jul-19,-,-,-,5061.3
24-Jul-19,-,-,-,5062.58
23-Jul-19,-,-,-,5103.46
22-Jul-19,-,-,-,5110.73
19-Jul-19,-,-,-,5142.94
18-Jul-19,-,-,-,5227.23
17-Jul-19,-,-,-,5275.95
16-Jul-19,-,-,-,5268.57
15-Jul-19,-,-,-,5235.76
12-Jul-19,-,-,-,5230.19
11-Jul-19,-,-,-,5234.96
10-Jul-19,-,-,-,5198.87
09-Jul-19,-,-,-,5229.7
08-Jul-19,-,-,-,5225.49
05-Jul-19,-,-,-,5341.68
04-Jul-19,-,-,-,5407.66
03-Jul-19,-,-,-,5397.08
02-Jul-19,-,-,-,5389.97
01-Jul-19,-,-,-,5372.75
28-Jun-19,-,-,-,5342.65
27-Jun-19,-,-,-,5361.23
26-Jun-19,-,-,-,5355.46
25-Jun-19,-,-,-,5327.67
24-Jun-19,-,-,-,5290.39
21-Jun-19,-,-,-,5300.11
20-Jun-19,-,-,-,5335.08
19-Jun-19,-,-,-,5269.19
18-Jun-19,-,-,-,5284.26
17-Jun-19,-,-,-,5280.81
14-Jun-19,-,-,-,5350.85
13-Jun-19,-,-,-,5393.59
12-Jun-19,-,-,-,5395.87
11-Jun-19,-,-,-,5426.24
10-Jun-19,-,-,-,5405.22
07-Jun-19,-,-,-,5389.95
06-Jun-19,-,-,-,5383.11
04-Jun-19,-,-,-,5467.91
03-Jun-19,-,-,-,5493.54
31-May-19,-,-,-,5429.69
30-May-19,-,-,-,5436.23
29-May-19,-,-,-,5404.72
28-May-19,-,-,-,5437.18
27-May-19,-,-,-,5431.07
24-May-19,-,-,-,5383.25
23-May-19,-,-,-,5288.49
22-May-19,-,-,-,5313.2
21-May-19,-,-,-,5302.35
20-May-19,-,-,-,5353.74
17-May-19,-,-,-,5164.56
16-May-19,-,-,-,5105.31
15-May-19,-,-,-,5071.83
14-May-19,-,-,-,5100.72
13-May-19,-,-,-,5072.34
10-May-19,-,-,-,5144.88
09-May-19,-,-,-,5150.05
08-May-19,-,-,-,5172.38
07-May-19,-,-,-,5233.92
06-May-19,-,-,-,5278.98
03-May-19,-,-,-,5329.65
02-May-19,-,-,-,5337.11
30-Apr-19,-,-,-,5352.02
26-Apr-19,-,-,-,5367.72
25-Apr-19,-,-,-,5334.83
24-Apr-19,-,-,-,5366.95
23-Apr-19,-,-,-,5312.19
22-Apr-19,-,-,-,5319.33
18-Apr-19,-,-,-,5396.1
16-Apr-19,-,-,-,5420.14
15-Apr-19,-,-,-,5384.84
12-Apr-19,-,-,-,5361.61
11-Apr-19,-,-,-,5339.58
10-Apr-19,-,-,-,5333.36
09-Apr-19,-,-,-,5363.36
08-Apr-19,-,-,-,5340.07
05-Apr-19,-,-,-,5367.65
04-Apr-19,-,-,-,5335.06
03-Apr-19,-,-,-,5352.71
02-Apr-19,-,-,-,5387.4
01-Apr-19,-,-,-,5377.46
29-Mar-19,-,-,-,5355.33
28-Mar-19,-,-,-,5321.09
27-Mar-19,-,-,-,5265.97
26-Mar-19,-,-,-,5271.35
25-Mar-19,-,-,-,5215.91
22-Mar-19,-,-,-,5265.72
20-Mar-19,-,-,-,5295.19
19-Mar-19,-,-,-,5304.81
18-Mar-19,-,-,-,5275.6
15-Mar-19,-,-,-,5266.51
14-Mar-19,-,-,-,5239.16
13-Mar-19,-,-,-,5241.05
12-Mar-19,-,-,-,5236.73
11-Mar-19,-,-,-,5183.71
08-Mar-19,-,-,-,5108.99
07-Mar-19,-,-,-,5116.98
06-Mar-19,-,-,-,5119.31
05-Mar-19,-,-,-,5086.97
01-Mar-19,-,-,-,5009.17
28-Feb-19,-,-,-,4962.56
27-Feb-19,-,-,-,4956.2
26-Feb-19,-,-,-,4960
25-Feb-19,-,-,-,4977.36
22-Feb-19,-,-,-,4941.45
21-Feb-19,-,-,-,4930.74
20-Feb-19,-,-,-,4898.9
19-Feb-19,-,-,-,4842.01
18-Feb-19,-,-,-,4848.15
15-Feb-19,-,-,-,4888.77
14-Feb-19,-,-,-,4912.71
13-Feb-19,-,-,-,4922.74
12-Feb-19,-,-,-,4943.61
11-Feb-19,-,-,-,4966.86
08-Feb-19,-,-,-,5006.04
07-Feb-19,-,-,-,5065.74
06-Feb-19,-,-,-,5049.97
05-Feb-19,-,-,-,5004.36
04-Feb-19,-,-,-,5010.34
01-Feb-19,-,-,-,5019.65
31-Jan-19,-,-,-,4991.25
30-Jan-19,-,-,-,4925.75
29-Jan-19,-,-,-,4919.63
28-Jan-19,-,-,-,4920.49
25-Jan-19,-,-,-,4987.02
24-Jan-19,-,-,-,5031.14
23-Jan-19,-,-,-,5030.61
22-Jan-19,-,-,-,5064.9
21-Jan-19,-,-,-,5079.25
18-Jan-19,-,-,-,5071.84
17-Jan-19,-,-,-,5084.31
16-Jan-19,-,-,-,5083.05
15-Jan-19,-,-,-,5081.67
14-Jan-19,-,-,-,5023.64
11-Jan-19,-,-,-,5049.44
10-Jan-19,-,-,-,5061.08
09-Jan-19,-,-,-,5065.3
08-Jan-19,-,-,-,5049.93
07-Jan-19,-,-,-,5040.42
04-Jan-19,-,-,-,5026.03
03-Jan-19,-,-,-,5004.39
02-Jan-19,-,-,-,5053.45
01-Jan-19,-,-,-,5105.3
31-Dec-18,-,-,-,5089.64
28-Dec-18,-,-,-,5079.49
27-Dec-18,-,-,-,5038.83
26-Dec-18,-,-,-,5018.45
24-Dec-18,-,-,-,4997.58
21-Dec-18,-,-,-,5042.4
20-Dec-18,-,-,-,5125.87
19-Dec-18,-,-,-,5132.3
18-Dec-18,-,-,-,5093.21
17-Dec-18,-,-,-,5080.08
14-Dec-18,-,-,-,5045.29
13-Dec-18,-,-,-,5037.66
12-Dec-18,-,-,-,5006.69
11-Dec-18,-,-,-,4908.2
10-Dec-18,-,-,-,4865.72
07-Dec-18,-,-,-,4960.85
06-Dec-18,-,-,-,4929.96
05-Dec-18,-,-,-,5011.01
04-Dec-18,-,-,-,5059.45
03-Dec-18,-,-,-,5065.14
30-Nov-18,-,-,-,5055.24
29-Nov-18,-,-,-,5040
28-Nov-18,-,-,-,4991.93
27-Nov-18,-,-,-,4987.45
26-Nov-18,-,-,-,4965.22
22-Nov-18,-,-,-,4931.21
21-Nov-18,-,-,-,4964.56
20-Nov-18,-,-,-,4975.01
19-Nov-18,-,-,-,5026.6
16-Nov-18,-,-,-,4994
15-Nov-18,-,-,-,4973.59
14-Nov-18,-,-,-,4956.08
13-Nov-18,-,-,-,4957.63
12-Nov-18,-,-,-,4922.44
09-Nov-18,-,-,-,4970.14
07-Nov-18,-,-,-,4962.93
06-Nov-18,-,-,-,4927.06
05-Nov-18,-,-,-,4931.1
02-Nov-18,-,-,-,4942.72
01-Nov-18,-,-,-,4872.75
31-Oct-18,-,-,-,4861.42
30-Oct-18,-,-,-,4777.16
29-Oct-18,-,-,-,4781.32
26-Oct-18,-,-,-,4674.5
25-Oct-18,-,-,-,4704.8
24-Oct-18,-,-,-,4750.24
23-Oct-18,-,-,-,4714.45
22-Oct-18,-,-,-,4763.42
19-Oct-18,-,-,-,4799.78
17-Oct-18,-,-,-,4865.5
16-Oct-18,-,-,-,4941.24
15-Oct-18,-,-,-,4894.91
12-Oct-18,-,-,-,4868.85
11-Oct-18,-,-,-,4756.54
10-Oct-18,-,-,-,4857.31
09-Oct-18,-,-,-,4752.73
08-Oct-18,-,-,-,4774.88
05-Oct-18,-,-,-,4789.5
04-Oct-18,-,-,-,4916.82
03-Oct-18,-,-,-,5028.37
01-Oct-18,-,-,-,5086.5
28-Sep-18,-,-,-,5060.39
27-Sep-18,-,-,-,5111.39
26-Sep-18,-,-,-,5167.64
25-Sep-18,-,-,-,5167.89
24-Sep-18,-,-,-,5136.08
21-Sep-18,-,-,-,5238.71
19-Sep-18,-,-,-,5307.93
18-Sep-18,-,-,-,5334.95
17-Sep-18,-,-,-,5392.09
14-Sep-18,-,-,-,5444.07
12-Sep-18,-,-,-,5370.58
11-Sep-18,-,-,-,5342.06
10-Sep-18,-,-,-,5415.9
07-Sep-18,-,-,-,5490.27
06-Sep-18,-,-,-,5457.15
05-Sep-18,-,-,-,5428.96
04-Sep-18,-,-,-,5452.43
03-Sep-18,-,-,-,5517.44
31-Aug-18,-,-,-,5555.44
30-Aug-18,-,-,-,5545.73
29-Aug-18,-,-,-,5544.53
28-Aug-18,-,-,-,5551.31
27-Aug-18,-,-,-,5536.4
24-Aug-18,-,-,-,5477.29
23-Aug-18,-,-,-,5489.5
21-Aug-18,-,-,-,5484.21
20-Aug-18,-,-,-,5471.51
17-Aug-18,-,-,-,5433.06
16-Aug-18,-,-,-,5386.16
14-Aug-18,-,-,-,5408.3
13-Aug-18,-,-,-,5370.56
10-Aug-18,-,-,-,5408.88
09-Aug-18,-,-,-,5434.5
08-Aug-18,-,-,-,5421.14
07-Aug-18,-,-,-,5399.36
06-Aug-18,-,-,-,5402.63
03-Aug-18,-,-,-,5389.01
02-Aug-18,-,-,-,5334.59
01-Aug-18,-,-,-,5368.47
31-Jul-18,-,-,-,5367.24
30-Jul-18,-,-,-,5349.36
27-Jul-18,-,-,-,5326.21
26-Jul-18,-,-,-,5275.47
25-Jul-18,-,-,-,5254.8
24-Jul-18,-,-,-,5254.89
23-Jul-18,-,-,-,5204.35
20-Jul-18,-,-,-,5160.91
19-Jul-18,-,-,-,5133.99
18-Jul-18,-,-,-,5153.56
17-Jul-18,-,-,-,5179.8
16-Jul-18,-,-,-,5133.73
13-Jul-18,-,-,-,5200.91
12-Jul-18,-,-,-,5219.67
11-Jul-18,-,-,-,5200.44
10-Jul-18,-,-,-,5209.22
09-Jul-18,-,-,-,5163.65
06-Jul-18,-,-,-,5115.96
05-Jul-18,-,-,-,5100.33
04-Jul-18,-,-,-,5116.05
03-Jul-18,-,-,-,5091.18
02-Jul-18,-,-,-,5068.92
29-Jun-18,-,-,-,5098.81
28-Jun-18,-,-,-,5028.22
27-Jun-18,-,-,-,5080.04
26-Jun-18,-,-,-,5138.87
25-Jun-18,-,-,-,5141.48
22-Jun-18,-,-,-,5176.33
21-Jun-18,-,-,-,5145.76
20-Jun-18,-,-,-,5166.77
19-Jun-18,-,-,-,5143.82
18-Jun-18,-,-,-,5191.22
15-Jun-18,-,-,-,5205.77
14-Jun-18,-,-,-,5212.95
13-Jun-18,-,-,-,5229.01
12-Jun-18,-,-,-,5229.23
11-Jun-18,-,-,-,5199.03
08-Jun-18,-,-,-,5189.05
07-Jun-18,-,-,-,5179.74
06-Jun-18,-,-,-,5125.1
05-Jun-18,-,-,-,5070.92
04-Jun-18,-,-,-,5111.19
01-Jun-18,-,-,-,5157.92
31-May-18,-,-,-,5192.72
30-May-18,-,-,-,5161.14
29-May-18,-,-,-,5170.15
28-May-18,-,-,-,5190.62
25-May-18,-,-,-,5138.71
24-May-18,-,-,-,5083.71
23-May-18,-,-,-,5059.36
22-May-18,-,-,-,5101.07
21-May-18,-,-,-,5079.85
18-May-18,-,-,-,5137.49
17-May-18,-,-,-,5190.97
16-May-18,-,-,-,5203.15
15-May-18,-,-,-,5223.86
14-May-18,-,-,-,5237.42
11-May-18,-,-,-,5253.3
10-May-18,-,-,-,5223.16
09-May-18,-,-,-,5256.32
08-May-18,-,-,-,5256.85
07-May-18,-,-,-,5256.71
04-May-18,-,-,-,5213.81
03-May-18,-,-,-,5240.31
02-May-18,-,-,-,5272.13
30-Apr-18,-,-,-,5301.82
27-Apr-18,-,-,-,5272.54
26-Apr-18,-,-,-,5238.62
25-Apr-18,-,-,-,5222.12
24-Apr-18,-,-,-,5245.39
23-Apr-18,-,-,-,5236
20-Apr-18,-,-,-,5220.6
19-Apr-18,-,-,-,5224.87
18-Apr-18,-,-,-,5200.01
17-Apr-18,-,-,-,5210.49
16-Apr-18,-,-,-,5199.94
13-Apr-18,-,-,-,5176.17
12-Apr-18,-,-,-,5164.9
11-Apr-18,-,-,-,5156.37
10-Apr-18,-,-,-,5150.45
09-Apr-18,-,-,-,5142.72
06-Apr-18,-,-,-,5123.47
05-Apr-18,-,-,-,5108.82
04-Apr-18,-,-,-,5013.61
03-Apr-18,-,-,-,5068.41
02-Apr-18,-,-,-,5038.2
28-Mar-18,-,-,-,4973.04
27-Mar-18,-,-,-,5010.1
26-Mar-18,-,-,-,4973.17
23-Mar-18,-,-,-,4911.21
22-Mar-18,-,-,-,4969.81
21-Mar-18,-,-,-,4996.34
20-Mar-18,-,-,-,4980.23
19-Mar-18,-,-,-,4967.35
16-Mar-18,-,-,-,5029.75
15-Mar-18,-,-,-,5100.63
14-Mar-18,-,-,-,5108.29
13-Mar-18,-,-,-,5111.56
12-Mar-18,-,-,-,5090.12
09-Mar-18,-,-,-,5015.85
08-Mar-18,-,-,-,5024.62
07-Mar-18,-,-,-,4990.04
06-Mar-18,-,-,-,5049.54
05-Mar-18,-,-,-,5103.56
01-Mar-18,-,-,-,5154.41
28-Feb-18,-,-,-,5174.31
27-Feb-18,-,-,-,5195.91
26-Feb-18,-,-,-,5212.51
23-Feb-18,-,-,-,5167.26
22-Feb-18,-,-,-,5103.93
21-Feb-18,-,-,-,5120.78
20-Feb-18,-,-,-,5112.37
19-Feb-18,-,-,-,5117.67
16-Feb-18,-,-,-,5160.44
15-Feb-18,-,-,-,5210.48
14-Feb-18,-,-,-,5214.74
12-Feb-18,-,-,-,5226.6
09-Feb-18,-,-,-,5170.54
08-Feb-18,-,-,-,5208.97
07-Feb-18,-,-,-,5141.66
06-Feb-18,-,-,-,5129.23
05-Feb-18,-,-,-,5216.48
02-Feb-18,-,-,-,5252.45
01-Feb-18,-,-,-,5410.08
31-Jan-18,-,-,-,5416.38
30-Jan-18,-,-,-,5442.44
29-Jan-18,-,-,-,5486.2
25-Jan-18,-,-,-,5482.49
24-Jan-18,-,-,-,5506.87
23-Jan-18,-,-,-,5521.32
22-Jan-18,-,-,-,5472.27
19-Jan-18,-,-,-,5435.52
18-Jan-18,-,-,-,5393.24
17-Jan-18,-,-,-,5418.84
16-Jan-18,-,-,-,5378.87
15-Jan-18,-,-,-,5430.7
12-Jan-18,-,-,-,5410.8
11-Jan-18,-,-,-,5402.75
10-Jan-18,-,-,-,5391.02
09-Jan-18,-,-,-,5396.64
08-Jan-18,-,-,-,5396.03
05-Jan-18,-,-,-,5357.88
04-Jan-18,-,-,-,5319.7
03-Jan-18,-,-,-,5282.05
02-Jan-18,-,-,-,5267.34
01-Jan-18,-,-,-,5276.36
29-Dec-17,-,-,-,5306.64
28-Dec-17,-,-,-,5275.82
27-Dec-17,-,-,-,5276.69
26-Dec-17,-,-,-,5295.03
22-Dec-17,-,-,-,5272.56
21-Dec-17,-,-,-,5247.56
20-Dec-17,-,-,-,5232.79
19-Dec-17,-,-,-,5229.8
18-Dec-17,-,-,-,5178.72
15-Dec-17,-,-,-,5148.73
14-Dec-17,-,-,-,5101.99
13-Dec-17,-,-,-,5085.27
12-Dec-17,-,-,-,5116.45
11-Dec-17,-,-,-,5158.2
08-Dec-17,-,-,-,5135.28
07-Dec-17,-,-,-,5086.14
06-Dec-17,-,-,-,5021.62
05-Dec-17,-,-,-,5059.69
04-Dec-17,-,-,-,5061.21
01-Dec-17,-,-,-,5062.51
30-Nov-17,-,-,-,5114.79
29-Nov-17,-,-,-,5163.99
28-Nov-17,-,-,-,5169.17
27-Nov-17,-,-,-,5175.67
24-Nov-17,-,-,-,5163.04
23-Nov-17,-,-,-,5141.66
22-Nov-17,-,-,-,5134.12
21-Nov-17,-,-,-,5127.96
20-Nov-17,-,-,-,5114.74
17-Nov-17,-,-,-,5099.98
16-Nov-17,-,-,-,5059.7
15-Nov-17,-,-,-,5008.25
14-Nov-17,-,-,-,5053.38
13-Nov-17,-,-,-,5069.69
10-Nov-17,-,-,-,5109.97
09-Nov-17,-,-,-,5106.71
08-Nov-17,-,-,-,5089.01
07-Nov-17,-,-,-,5119.01
06-Nov-17,-,-,-,5177.31
03-Nov-17,-,-,-,5169.35
02-Nov-17,-,-,-,5156.33
01-Nov-17,-,-,-,5154.25
31-Oct-17,-,-,-,5109.69
30-Oct-17,-,-,-,5114.8
27-Oct-17,-,-,-,5080.26
26-Oct-17,-,-,-,5080.76
25-Oct-17,-,-,-,5057.15
24-Oct-17,-,-,-,5018.79
23-Oct-17,-,-,-,5006.62
19-Oct-17,-,-,-,4987
18-Oct-17,-,-,-,5012.21
17-Oct-17,-,-,-,5021.58
16-Oct-17,-,-,-,5012.17
13-Oct-17,-,-,-,4986.14
12-Oct-17,-,-,-,4960.69
11-Oct-17,-,-,-,4906.1
10-Oct-17,-,-,-,4931.7
09-Oct-17,-,-,-,4909.86
06-Oct-17,-,-,-,4902.54
05-Oct-17,-,-,-,4856.97
04-Oct-17,-,-,-,4855.63
03-Oct-17,-,-,-,4829.64
29-Sep-17,-,-,-,4794.61
28-Sep-17,-,-,-,4770.07
27-Sep-17,-,-,-,4749.03
26-Sep-17,-,-,-,4824.44
25-Sep-17,-,-,-,4813.63
22-Sep-17,-,-,-,4870.76
21-Sep-17,-,-,-,4969.14
20-Sep-17,-,-,-,4984.78
19-Sep-17,-,-,-,4991.68
18-Sep-17,-,-,-,4988.64
15-Sep-17,-,-,-,4954.79
14-Sep-17,-,-,-,4953.16
13-Sep-17,-,-,-,4942.36
12-Sep-17,-,-,-,4956.15
11-Sep-17,-,-,-,4911.82
08-Sep-17,-,-,-,4877.75
07-Sep-17,-,-,-,4881.84
06-Sep-17,-,-,-,4867.45
05-Sep-17,-,-,-,4874.62
04-Sep-17,-,-,-,4847.66
01-Sep-17,-,-,-,4878.12
31-Aug-17,-,-,-,4843.68
30-Aug-17,-,-,-,4824.99
29-Aug-17,-,-,-,4773.49
28-Aug-17,-,-,-,4827.56
24-Aug-17,-,-,-,4791.64
23-Aug-17,-,-,-,4779.66
22-Aug-17,-,-,-,4731.57
21-Aug-17,-,-,-,4737.55
18-Aug-17,-,-,-,4784.22
17-Aug-17,-,-,-,4811.35
16-Aug-17,-,-,-,4806.2
14-Aug-17,-,-,-,4753.22
11-Aug-17,-,-,-,4688.56
10-Aug-17,-,-,-,4727.48
09-Aug-17,-,-,-,4807.65
08-Aug-17,-,-,-,4858.2
07-Aug-17,-,-,-,4903.25
04-Aug-17,-,-,-,4885.48
03-Aug-17,-,-,-,4859.65
02-Aug-17,-,-,-,4892.32
01-Aug-17,-,-,-,4906.45
31-Jul-17,-,-,-,4896.33
28-Jul-17,-,-,-,4871.35
27-Jul-17,-,-,-,4865.11
26-Jul-17,-,-,-,4872.82
25-Jul-17,-,-,-,4851.48
24-Jul-17,-,-,-,4847.65
21-Jul-17,-,-,-,4829.28
20-Jul-17,-,-,-,4813.59
19-Jul-17,-,-,-,4824.13
18-Jul-17,-,-,-,4783.37
17-Jul-17,-,-,-,4821.98
14-Jul-17,-,-,-,4811.71
13-Jul-17,-,-,-,4815.67
12-Jul-17,-,-,-,4782.26
11-Jul-17,-,-,-,4759.68
10-Jul-17,-,-,-,4766.43
07-Jul-17,-,-,-,4723.78
06-Jul-17,-,-,-,4724.32
05-Jul-17,-,-,-,4707.54
04-Jul-17,-,-,-,4683.82
03-Jul-17,-,-,-,4686.42
30-Jun-17,-,-,-,4638.63
29-Jun-17,-,-,-,4621.88
28-Jun-17,-,-,-,4609.1
27-Jun-17,-,-,-,4611.82
23-Jun-17,-,-,-,4651.07
22-Jun-17,-,-,-,4689.99
21-Jun-17,-,-,-,4701.46
20-Jun-17,-,-,-,4706.84
19-Jun-17,-,-,-,4705.93
16-Jun-17,-,-,-,4682.95
15-Jun-17,-,-,-,4676.23
14-Jun-17,-,-,-,4686.72
13-Jun-17,-,-,-,4679.5
12-Jun-17,-,-,-,4679.07
09-Jun-17,-,-,-,4703.37
08-Jun-17,-,-,-,4690.03
07-Jun-17,-,-,-,4690.93
06-Jun-17,-,-,-,4671.42
05-Jun-17,-,-,-,4693.33
02-Jun-17,-,-,-,4676.29
01-Jun-17,-,-,-,4654.49
31-May-17,-,-,-,4644.62
30-May-17,-,-,-,4631.41
29-May-17,-,-,-,4615.4
26-May-17,-,-,-,4634.32
25-May-17,-,-,-,4579.2
24-May-17,-,-,-,4508.16
23-May-17,-,-,-,4538.66
22-May-17,-,-,-,4582.1
19-May-17,-,-,-,4595.66
18-May-17,-,-,-,4607.87
17-May-17,-,-,-,4673.53
16-May-17,-,-,-,4675.14
15-May-17,-,-,-,4649.13
12-May-17,-,-,-,4620.04
11-May-17,-,-,-,4637.95
10-May-17,-,-,-,4632.27
09-May-17,-,-,-,4589.28
08-May-17,-,-,-,4579.38
05-May-17,-,-,-,4560.73
04-May-17,-,-,-,4601.61
03-May-17,-,-,-,4580.4
02-May-17,-,-,-,4582.2
28-Apr-17,-,-,-,4572.81
27-Apr-17,-,-,-,4576.92
26-Apr-17,-,-,-,4581.4
25-Apr-17,-,-,-,4574.9
24-Apr-17,-,-,-,4531.39
21-Apr-17,-,-,-,4487.05
20-Apr-17,-,-,-,4489.85
19-Apr-17,-,-,-,4465.49
18-Apr-17,-,-,-,4455.21
17-Apr-17,-,-,-,4477.64
13-Apr-17,-,-,-,4478.33
12-Apr-17,-,-,-,4496.11
11-Apr-17,-,-,-,4512.33
10-Apr-17,-,-,-,4481.74
07-Apr-17,-,-,-,4477.3
06-Apr-17,-,-,-,4503.16
05-Apr-17,-,-,-,4504.63
03-Apr-17,-,-,-,4479.97
31-Mar-17,-,-,-,4446.5
30-Mar-17,-,-,-,4435.73
29-Mar-17,-,-,-,4417.12
28-Mar-17,-,-,-,4399.14
27-Mar-17,-,-,-,4372.56
24-Mar-17,-,-,-,4394.34
23-Mar-17,-,-,-,4383.37
22-Mar-17,-,-,-,4352.11
21-Mar-17,-,-,-,4395.86
20-Mar-17,-,-,-,4401.43
17-Mar-17,-,-,-,4409.09
16-Mar-17,-,-,-,4406.67
15-Mar-17,-,-,-,4365.59
14-Mar-17,-,-,-,4354.69
10-Mar-17,-,-,-,4286.2
09-Mar-17,-,-,-,4285.9
08-Mar-17,-,-,-,4286.59
07-Mar-17,-,-,-,4300.07
06-Mar-17,-,-,-,4305.78
03-Mar-17,-,-,-,4278.65
02-Mar-17,-,-,-,4276.06
01-Mar-17,-,-,-,4311.59
28-Feb-17,-,-,-,4285.88
27-Feb-17,-,-,-,4283.93
23-Feb-17,-,-,-,4296.62
22-Feb-17,-,-,-,4292.17
21-Feb-17,-,-,-,4294.59
20-Feb-17,-,-,-,4276.06
17-Feb-17,-,-,-,4246.3
16-Feb-17,-,-,-,4224.9
15-Feb-17,-,-,-,4186.72
14-Feb-17,-,-,-,4228.3
13-Feb-17,-,-,-,4240.81
10-Feb-17,-,-,-,4243.9
09-Feb-17,-,-,-,4239.58
08-Feb-17,-,-,-,4234.6
07-Feb-17,-,-,-,4228
06-Feb-17,-,-,-,4241.75
03-Feb-17,-,-,-,4208.87
02-Feb-17,-,-,-,4195.82
01-Feb-17,-,-,-,4178.3
31-Jan-17,-,-,-,4102.53
30-Jan-17,-,-,-,4143.1
27-Jan-17,-,-,-,4144.96
25-Jan-17,-,-,-,4124.53
24-Jan-17,-,-,-,4068.48
23-Jan-17,-,-,-,4028.32
20-Jan-17,-,-,-,4006.09
19-Jan-17,-,-,-,4053.5
18-Jan-17,-,-,-,4042.85
17-Jan-17,-,-,-,4028.5
16-Jan-17,-,-,-,4030.72
13-Jan-17,-,-,-,4019.44
12-Jan-17,-,-,-,4021.25
11-Jan-17,-,-,-,4012.22
10-Jan-17,-,-,-,3966.89
09-Jan-17,-,-,-,3940.45
06-Jan-17,-,-,-,3938.99
05-Jan-17,-,-,-,3951.96
04-Jan-17,-,-,-,3909.55
03-Jan-17,-,-,-,3907.72
02-Jan-17,-,-,-,3892.25
30-Dec-16,-,-,-,3880.38
29-Dec-16,-,-,-,3842.93
28-Dec-16,-,-,-,3805.38
27-Dec-16,-,-,-,3796.25
26-Dec-16,-,-,-,3736.65
23-Dec-16,-,-,-,3787.7
22-Dec-16,-,-,-,3788.47
21-Dec-16,-,-,-,3833.03
20-Dec-16,-,-,-,3839.8
19-Dec-16,-,-,-,3859.8
16-Dec-16,-,-,-,3878.15
15-Dec-16,-,-,-,3885.2
14-Dec-16,-,-,-,3893.35
13-Dec-16,-,-,-,3916.6
12-Dec-16,-,-,-,3904.14
09-Dec-16,-,-,-,3947.1
08-Dec-16,-,-,-,3940.19
07-Dec-16,-,-,-,3874.6
06-Dec-16,-,-,-,3891.73
05-Dec-16,-,-,-,3881.89
02-Dec-16,-,-,-,3861.43
01-Dec-16,-,-,-,3913.23
30-Nov-16,-,-,-,3935.22
29-Nov-16,-,-,-,3892.83
28-Nov-16,-,-,-,3881.17
25-Nov-16,-,-,-,3867.89
24-Nov-16,-,-,-,3798.86
23-Nov-16,-,-,-,3823.04
22-Nov-16,-,-,-,3795.31
21-Nov-16,-,-,-,3754.5
18-Nov-16,-,-,-,3837.55
17-Nov-16,-,-,-,3834.59
16-Nov-16,-,-,-,3848.82
15-Nov-16,-,-,-,3842.41
11-Nov-16,-,-,-,3961.81
10-Nov-16,-,-,-,4082.45
09-Nov-16,-,-,-,4028.9
08-Nov-16,-,-,-,4095.89
07-Nov-16,-,-,-,4077.03
04-Nov-16,-,-,-,4044.71
03-Nov-16,-,-,-,4085.45
02-Nov-16,-,-,-,4112.39
01-Nov-16,-,-,-,4174.53
30-Oct-16,-,-,-,4174.53
28-Oct-16,-,-,-,4169.26
27-Oct-16,-,-,-,4145.65
26-Oct-16,-,-,-,4159.59
25-Oct-16,-,-,-,4195.41
24-Oct-16,-,-,-,4200.99
21-Oct-16,-,-,-,4194.62
20-Oct-16,-,-,-,4192.89
19-Oct-16,-,-,-,4175.63
18-Oct-16,-,-,-,4177.16
17-Oct-16,-,-,-,4106.12
14-Oct-16,-,-,-,4136.13
13-Oct-16,-,-,-,4123.05
10-Oct-16,-,-,-,4186.71
07-Oct-16,-,-,-,4183.05
06-Oct-16,-,-,-,4188.42
05-Oct-16,-,-,-,4204.1
04-Oct-16,-,-,-,4204.34
03-Oct-16,-,-,-,4184.35
30-Sep-16,-,-,-,4107.03
29-Sep-16,-,-,-,4073.39
28-Sep-16,-,-,-,4174.84
27-Sep-16,-,-,-,4149.38
26-Sep-16,-,-,-,4154.41
23-Sep-16,-,-,-,4195.58
22-Sep-16,-,-,-,4205.67
21-Sep-16,-,-,-,4160.75
20-Sep-16,-,-,-,4159.8
19-Sep-16,-,-,-,4172.42
16-Sep-16,-,-,-,4157.24
15-Sep-16,-,-,-,4143.87
14-Sep-16,-,-,-,4139.35
12-Sep-16,-,-,-,4118.81
09-Sep-16,-,-,-,4205.05
08-Sep-16,-,-,-,4242.06
07-Sep-16,-,-,-,4222.03
06-Sep-16,-,-,-,4226.12
02-Sep-16,-,-,-,4165.52
01-Sep-16,-,-,-,4148.56
31-Aug-16,-,-,-,4157.77
30-Aug-16,-,-,-,4142.2
29-Aug-16,-,-,-,4086.6
26-Aug-16,-,-,-,4072.19
25-Aug-16,-,-,-,4077.58
24-Aug-16,-,-,-,4100.74
23-Aug-16,-,-,-,4085.95
22-Aug-16,-,-,-,4088
19-Aug-16,-,-,-,4105.97
18-Aug-16,-,-,-,4101.25
17-Aug-16,-,-,-,4075.08
16-Aug-16,-,-,-,4071.68
12-Aug-16,-,-,-,4076.13
11-Aug-16,-,-,-,4044.38
10-Aug-16,-,-,-,4037.92
09-Aug-16,-,-,-,4088.94
08-Aug-16,-,-,-,4105.47
05-Aug-16,-,-,-,4086.48
04-Aug-16,-,-,-,4022.42
03-Aug-16,-,-,-,4013.59
02-Aug-16,-,-,-,4057.12
01-Aug-16,-,-,-,4070.98
29-Jul-16,-,-,-,4068.78
28-Jul-16,-,-,-,4073.62
27-Jul-16,-,-,-,4051.32
26-Jul-16,-,-,-,4035.73
25-Jul-16,-,-,-,4055.74
22-Jul-16,-,-,-,4011.75
21-Jul-16,-,-,-,3988.85
20-Jul-16,-,-,-,4008.04
19-Jul-16,-,-,-,3983.58
18-Jul-16,-,-,-,3975.1
15-Jul-16,-,-,-,3993.04
14-Jul-16,-,-,-,4004.86
13-Jul-16,-,-,-,3983.24
12-Jul-16,-,-,-,3992.22
11-Jul-16,-,-,-,3970.15
08-Jul-16,-,-,-,3908.52
07-Jul-16,-,-,-,3914.55
05-Jul-16,-,-,-,3914.61
04-Jul-16,-,-,-,3926.04
01-Jul-16,-,-,-,3901.37
30-Jun-16,-,-,-,3875.49
29-Jun-16,-,-,-,3834.62
28-Jun-16,-,-,-,3795.75
27-Jun-16,-,-,-,3776.32
24-Jun-16,-,-,-,3759.59
23-Jun-16,-,-,-,3834.31
22-Jun-16,-,-,-,3813.05
21-Jun-16,-,-,-,3821.85
20-Jun-16,-,-,-,3824.49
17-Jun-16,-,-,-,3797.58
16-Jun-16,-,-,-,3785.28
15-Jun-16,-,-,-,3810.16
14-Jun-16,-,-,-,3770.4
13-Jun-16,-,-,-,3765.1
10-Jun-16,-,-,-,3790.98
09-Jun-16,-,-,-,3804.91
08-Jun-16,-,-,-,3828.96
07-Jun-16,-,-,-,3818.56
06-Jun-16,-,-,-,3789.73
03-Jun-16,-,-,-,3796.26
02-Jun-16,-,-,-,3798.91
01-Jun-16,-,-,-,3780.2
31-May-16,-,-,-,3773.7
30-May-16,-,-,-,3782.56
27-May-16,-,-,-,3769.98
26-May-16,-,-,-,3730.32
25-May-16,-,-,-,3676.64
24-May-16,-,-,-,3606.03
23-May-16,-,-,-,3604.98
20-May-16,-,-,-,3614.97
19-May-16,-,-,-,3633.74
18-May-16,-,-,-,3675.5
17-May-16,-,-,-,3679.6
16-May-16,-,-,-,3667.8
13-May-16,-,-,-,3653.45
12-May-16,-,-,-,3685.67
11-May-16,-,-,-,3658.77
10-May-16,-,-,-,3671.84
09-May-16,-,-,-,3663.93
06-May-16,-,-,-,3609.31
05-May-16,-,-,-,3607.07
04-May-16,-,-,-,3598.46
03-May-16,-,-,-,3625.97
02-May-16,-,-,-,3651.47
29-Apr-16,-,-,-,3655.66
28-Apr-16,-,-,-,3652.67
27-Apr-16,-,-,-,3708.54
26-Apr-16,-,-,-,3700.4
25-Apr-16,-,-,-,3658.39
22-Apr-16,-,-,-,3677.32
21-Apr-16,-,-,-,3680.63
20-Apr-16,-,-,-,3686.06
18-Apr-16,-,-,-,3681.05
13-Apr-16,-,-,-,3648.11
12-Apr-16,-,-,-,3589.93
11-Apr-16,-,-,-,3567.7
08-Apr-16,-,-,-,3521.45
07-Apr-16,-,-,-,3511.6
06-Apr-16,-,-,-,3538.12
05-Apr-16,-,-,-,3526.13
04-Apr-16,-,-,-,3593.05
01-Apr-16,-,-,-,3573.79
31-Mar-16,-,-,-,3576.56
30-Mar-16,-,-,-,3567.96
29-Mar-16,-,-,-,3504.86
28-Mar-16,-,-,-,3511.34
23-Mar-16,-,-,-,3561.23
22-Mar-16,-,-,-,3558.05
21-Mar-16,-,-,-,3551.38
18-Mar-16,-,-,-,3505.28
17-Mar-16,-,-,-,3468.76
16-Mar-16,-,-,-,3459.14
15-Mar-16,-,-,-,3450.58
14-Mar-16,-,-,-,3483.83
11-Mar-16,-,-,-,3470.05
10-Mar-16,-,-,-,3461.88
09-Mar-16,-,-,-,3479.08
08-Mar-16,-,-,-,3461.71
04-Mar-16,-,-,-,3459.28
03-Mar-16,-,-,-,3447.49
02-Mar-16,-,-,-,3402.12
01-Mar-16,-,-,-,3336.96
29-Feb-16,-,-,-,3230.8
26-Feb-16,-,-,-,3243.83
25-Feb-16,-,-,-,3224.95
24-Feb-16,-,-,-,3249.08
23-Feb-16,-,-,-,3288.87
22-Feb-16,-,-,-,3340.86
19-Feb-16,-,-,-,3327.49
18-Feb-16,-,-,-,3321
17-Feb-16,-,-,-,3288.54
16-Feb-16,-,-,-,3266.48
15-Feb-16,-,-,-,3327.83
12-Feb-16,-,-,-,3235.4
11-Feb-16,-,-,-,3241.83
10-Feb-16,-,-,-,3359.53
09-Feb-16,-,-,-,3401.27
08-Feb-16,-,-,-,3447.96
05-Feb-16,-,-,-,3481.4
04-Feb-16,-,-,-,3434.67
03-Feb-16,-,-,-,3424.47
02-Feb-16,-,-,-,3472.85
01-Feb-16,-,-,-,3522.48
29-Jan-16,-,-,-,3521.06
28-Jan-16,-,-,-,3460.85
27-Jan-16,-,-,-,3467.65
25-Jan-16,-,-,-,3463.15
22-Jan-16,-,-,-,3452.73
21-Jan-16,-,-,-,3382.62
20-Jan-16,-,-,-,3394.97
19-Jan-16,-,-,-,3456.51
18-Jan-16,-,-,-,3413.29
15-Jan-16,-,-,-,3478.77
14-Jan-16,-,-,-,3544.51
13-Jan-16,-,-,-,3566.33
12-Jan-16,-,-,-,3563.03
11-Jan-16,-,-,-,3589.46
08-Jan-16,-,-,-,3611.02
07-Jan-16,-,-,-,3585.48
06-Jan-16,-,-,-,3675.81
05-Jan-16,-,-,-,3693.46
04-Jan-16,-,-,-,3687.5
01-Jan-16,-,-,-,3755.39
31-Dec-15,-,-,-,3738.78
30-Dec-15,-,-,-,3716.89
29-Dec-15,-,-,-,3727.79
28-Dec-15,-,-,-,3725.34
24-Dec-15,-,-,-,3701.12
23-Dec-15,-,-,-,3698.49
22-Dec-15,-,-,-,3667.08
21-Dec-15,-,-,-,3684.66
18-Dec-15,-,-,-,3652.63
17-Dec-15,-,-,-,3680.18
16-Dec-15,-,-,-,3631.48
15-Dec-15,-,-,-,3612.79
14-Dec-15,-,-,-,3588.18
11-Dec-15,-,-,-,3570.26
10-Dec-15,-,-,-,3602.6
09-Dec-15,-,-,-,3568.94
08-Dec-15,-,-,-,3620.4
07-Dec-15,-,-,-,3655.42
04-Dec-15,-,-,-,3659.63
03-Dec-15,-,-,-,3695.18
02-Dec-15,-,-,-,3722.67
01-Dec-15,-,-,-,3729.28
30-Nov-15,-,-,-,3714.45
27-Nov-15,-,-,-,3714.12
26-Nov-15,-,-,-,3691.11
24-Nov-15,-,-,-,3670.68
23-Nov-15,-,-,-,3673.33
20-Nov-15,-,-,-,3672.7
19-Nov-15,-,-,-,3660.22
18-Nov-15,-,-,-,3611.92
17-Nov-15,-,-,-,3652.21
16-Nov-15,-,-,-,3636
13-Nov-15,-,-,-,3621.95
11-Nov-15,-,-,-,3654.52
10-Nov-15,-,-,-,3626.76
09-Nov-15,-,-,-,3684.31
06-Nov-15,-,-,-,3688.6
05-Nov-15,-,-,-,3695.41
04-Nov-15,-,-,-,3739.81
03-Nov-15,-,-,-,3747.75
02-Nov-15,-,-,-,3739.27
30-Oct-15,-,-,-,3744.82
29-Oct-15,-,-,-,3764.03
28-Oct-15,-,-,-,3787.9
27-Oct-15,-,-,-,3810.24
26-Oct-15,-,-,-,3816.83
23-Oct-15,-,-,-,3834.3
21-Oct-15,-,-,-,3825.01
20-Oct-15,-,-,-,3831.31
19-Oct-15,-,-,-,3831.31
16-Oct-15,-,-,-,3810.71
15-Oct-15,-,-,-,3790.69
14-Oct-15,-,-,-,3764.35
13-Oct-15,-,-,-,3770.11
12-Oct-15,-,-,-,3772.3
09-Oct-15,-,-,-,3786.94
08-Oct-15,-,-,-,3767.11
07-Oct-15,-,-,-,3790.05
06-Oct-15,-,-,-,3780.05
05-Oct-15,-,-,-,3763.67
01-Oct-15,-,-,-,3688.85
30-Sep-15,-,-,-,3683.94
29-Sep-15,-,-,-,3631.98
28-Sep-15,-,-,-,3616.78
24-Sep-15,-,-,-,3644.21
23-Sep-15,-,-,-,3632.99
22-Sep-15,-,-,-,3618.65
21-Sep-15,-,-,-,3684
18-Sep-15,-,-,-,3677.32
16-Sep-15,-,-,-,3640.65
15-Sep-15,-,-,-,3625.32
14-Sep-15,-,-,-,3647.05
11-Sep-15,-,-,-,3607.48
10-Sep-15,-,-,-,3603
09-Sep-15,-,-,-,3613.03
08-Sep-15,-,-,-,3548.96
07-Sep-15,-,-,-,3503.31
04-Sep-15,-,-,-,3558.16
03-Sep-15,-,-,-,3635.79
02-Sep-15,-,-,-,3588.82
01-Sep-15,-,-,-,3614.36
31-Aug-15,-,-,-,3696.25
28-Aug-15,-,-,-,3709.85
27-Aug-15,-,-,-,3689.41
26-Aug-15,-,-,-,3608.74
25-Aug-15,-,-,-,3639.08
24-Aug-15,-,-,-,3597.91
21-Aug-15,-,-,-,3859.43
20-Aug-15,-,-,-,3890.62
19-Aug-15,-,-,-,3951.59
18-Aug-15,-,-,-,3940.13
17-Aug-15,-,-,-,3935.08
14-Aug-15,-,-,-,3942.39
13-Aug-15,-,-,-,3867.08
12-Aug-15,-,-,-,3873.52
11-Aug-15,-,-,-,3938.41
10-Aug-15,-,-,-,3970.33
07-Aug-15,-,-,-,3984.87
06-Aug-15,-,-,-,3995.19
05-Aug-15,-,-,-,3987.12
04-Aug-15,-,-,-,3959.02
03-Aug-15,-,-,-,3954
31-Jul-15,-,-,-,3940.54
30-Jul-15,-,-,-,3893.04
29-Jul-15,-,-,-,3867.59
28-Jul-15,-,-,-,3845.73
27-Jul-15,-,-,-,3856.26
24-Jul-15,-,-,-,3921.99
23-Jul-15,-,-,-,3951.81
22-Jul-15,-,-,-,3962
21-Jul-15,-,-,-,3917.99
20-Jul-15,-,-,-,3961.9
17-Jul-15,-,-,-,3960.96
16-Jul-15,-,-,-,3954.73
15-Jul-15,-,-,-,3915.54
14-Jul-15,-,-,-,3890.19
13-Jul-15,-,-,-,3887.31
10-Jul-15,-,-,-,3842.02
09-Jul-15,-,-,-,3830.75
08-Jul-15,-,-,-,3843.71
07-Jul-15,-,-,-,3904.89
06-Jul-15,-,-,-,3900.33
03-Jul-15,-,-,-,3877.79
02-Jul-15,-,-,-,3866.09
01-Jul-15,-,-,-,3859.46
30-Jun-15,-,-,-,3817.59
29-Jun-15,-,-,-,3787.57
26-Jun-15,-,-,-,3823.88
25-Jun-15,-,-,-,3828.64
24-Jun-15,-,-,-,3812.51
23-Jun-15,-,-,-,3825.93
22-Jun-15,-,-,-,3813.32
19-Jun-15,-,-,-,3755.61
18-Jun-15,-,-,-,3734.66
17-Jun-15,-,-,-,3697.77
16-Jun-15,-,-,-,3667.53
15-Jun-15,-,-,-,3653.15
12-Jun-15,-,-,-,3640.06
11-Jun-15,-,-,-,3635.42
10-Jun-15,-,-,-,3703.38
09-Jun-15,-,-,-,3659.85
08-Jun-15,-,-,-,3670.43
05-Jun-15,-,-,-,3709.18
04-Jun-15,-,-,-,3711.02
03-Jun-15,-,-,-,3710.44
02-Jun-15,-,-,-,3764.77
01-Jun-15,-,-,-,3851.79
29-May-15,-,-,-,3853.28
28-May-15,-,-,-,3802.58
27-May-15,-,-,-,3811.91
26-May-15,-,-,-,3814.99
25-May-15,-,-,-,3826.38
22-May-15,-,-,-,3855.71
21-May-15,-,-,-,3841.53
20-May-15,-,-,-,3844.8
19-May-15,-,-,-,3825.72
18-May-15,-,-,-,3826.33
15-May-15,-,-,-,3779.97
14-May-15,-,-,-,3763.02
13-May-15,-,-,-,3753.59
12-May-15,-,-,-,3703.38
11-May-15,-,-,-,3786.22
08-May-15,-,-,-,3725.3
07-May-15,-,-,-,3662.93
06-May-15,-,-,-,3699.38
05-May-15,-,-,-,3809.18
04-May-15,-,-,-,3806.24
30-Apr-15,-,-,-,3737.15
29-Apr-15,-,-,-,3754.72
28-Apr-15,-,-,-,3761.22
27-Apr-15,-,-,-,3721.6
24-Apr-15,-,-,-,3779.9
23-Apr-15,-,-,-,3834.56
22-Apr-15,-,-,-,3842.9
21-Apr-15,-,-,-,3826.66
20-Apr-15,-,-,-,3853.93
17-Apr-15,-,-,-,3929.68
16-Apr-15,-,-,-,3979.28
15-Apr-15,-,-,-,4002.55
13-Apr-15,-,-,-,4036.5
10-Apr-15,-,-,-,4013.96
09-Apr-15,-,-,-,4006.31
08-Apr-15,-,-,-,3983.78
07-Apr-15,-,-,-,3955.61
06-Apr-15,-,-,-,3945.04
01-Apr-15,-,-,-,3907.74
31-Mar-15,-,-,-,3861.34
30-Mar-15,-,-,-,3856.21
27-Mar-15,-,-,-,3786.65
26-Mar-15,-,-,-,3786.42
25-Mar-15,-,-,-,3855.65
24-Mar-15,-,-,-,3862.83
23-Mar-15,-,-,-,3870.12
20-Mar-15,-,-,-,3887.9
19-Mar-15,-,-,-,3926.84
18-Mar-15,-,-,-,3949.28
17-Mar-15,-,-,-,3958.02
16-Mar-15,-,-,-,3917.16
13-Mar-15,-,-,-,3928.9
12-Mar-15,-,-,-,3985.92
11-Mar-15,-,-,-,3944
10-Mar-15,-,-,-,3952.38
09-Mar-15,-,-,-,3968.39
05-Mar-15,-,-,-,4040.54
04-Mar-15,-,-,-,4027.29
03-Mar-15,-,-,-,4063.68
02-Mar-15,-,-,-,4037.85
28-Feb-15,-,-,-,4003.98
27-Feb-15,-,-,-,3988.87
26-Feb-15,-,-,-,3915.8
25-Feb-15,-,-,-,3952.5
24-Feb-15,-,-,-,3954.34
23-Feb-15,-,-,-,3955.47
20-Feb-15,-,-,-,3989.55
19-Feb-15,-,-,-,4007.33
18-Feb-15,-,-,-,3999.47
16-Feb-15,-,-,-,3969.5
13-Feb-15,-,-,-,3970.14
12-Feb-15,-,-,-,3932.73
11-Feb-15,-,-,-,3890.47
10-Feb-15,-,-,-,3850.47
09-Feb-15,-,-,-,3830.11
06-Feb-15,-,-,-,3889.48
05-Feb-15,-,-,-,3916.96
04-Feb-15,-,-,-,3935.24
03-Feb-15,-,-,-,3950.85
02-Feb-15,-,-,-,3970.07
30-Jan-15,-,-,-,3965.4
29-Jan-15,-,-,-,4014.69
28-Jan-15,-,-,-,4005.92
27-Jan-15,-,-,-,3999.48
23-Jan-15,-,-,-,3967.48
22-Jan-15,-,-,-,3941.94
21-Jan-15,-,-,-,3929.51
20-Jan-15,-,-,-,3919.3
19-Jan-15,-,-,-,3870.91
16-Jan-15,-,-,-,3853.59
15-Jan-15,-,-,-,3840.48
14-Jan-15,-,-,-,3758.17
13-Jan-15,-,-,-,3765.99
12-Jan-15,-,-,-,3773.36
09-Jan-15,-,-,-,3755.17
08-Jan-15,-,-,-,3740.21
07-Jan-15,-,-,-,3678.52
06-Jan-15,-,-,-,3684.8
05-Jan-15,-,-,-,3796.14
02-Jan-15,-,-,-,3800.66
01-Jan-15,-,-,-,3756.19
31-Dec-14,-,-,-,3748.31
30-Dec-14,-,-,-,3725.44
29-Dec-14,-,-,-,3716.84
26-Dec-14,-,-,-,3692.43
24-Dec-14,-,-,-,3679.36
23-Dec-14,-,-,-,3707.44
22-Dec-14,-,-,-,3730.05
19-Dec-14,-,-,-,3689.46
18-Dec-14,-,-,-,3664.91
17-Dec-14,-,-,-,3590.36
16-Dec-14,-,-,-,3608.59
15-Dec-14,-,-,-,3688.62
12-Dec-14,-,-,-,3695.99
11-Dec-14,-,-,-,3731.87
10-Dec-14,-,-,-,3760.11
09-Dec-14,-,-,-,3743.85
08-Dec-14,-,-,-,3793.8
05-Dec-14,-,-,-,3838.01
04-Dec-14,-,-,-,3850.45
03-Dec-14,-,-,-,3836.59
02-Dec-14,-,-,-,3813.46
01-Dec-14,-,-,-,3814.3
28-Nov-14,-,-,-,3825.83
27-Nov-14,-,-,-,3786.23
26-Nov-14,-,-,-,3774.96
25-Nov-14,-,-,-,3765.86
24-Nov-14,-,-,-,3805.86
21-Nov-14,-,-,-,3787.87
20-Nov-14,-,-,-,3765.76
19-Nov-14,-,-,-,3761.05
18-Nov-14,-,-,-,3782.89
17-Nov-14,-,-,-,3776.04
14-Nov-14,-,-,-,3753.64
13-Nov-14,-,-,-,3735.94
12-Nov-14,-,-,-,3749.27
11-Nov-14,-,-,-,3735.63
10-Nov-14,-,-,-,3721.54
07-Nov-14,-,-,-,3717.8
05-Nov-14,-,-,-,3714.15
03-Nov-14,-,-,-,3708.36
31-Oct-14,-,-,-,3697.41
30-Oct-14,-,-,-,3634.24
29-Oct-14,-,-,-,3603.39
28-Oct-14,-,-,-,3576.47
27-Oct-14,-,-,-,3561.58
23-Oct-14,-,-,-,3574.68
22-Oct-14,-,-,-,3559.26
21-Oct-14,-,-,-,3526.58
20-Oct-14,-,-,-,3502.85
17-Oct-14,-,-,-,3459.2
16-Oct-14,-,-,-,3443.31
14-Oct-14,-,-,-,3507.36
13-Oct-14,-,-,-,3514.24
10-Oct-14,-,-,-,3502.14
09-Oct-14,-,-,-,3549.71
08-Oct-14,-,-,-,3494.7
07-Oct-14,-,-,-,3499.06
01-Oct-14,-,-,-,3539.31
30-Sep-14,-,-,-,3549.07
29-Sep-14,-,-,-,3544.66
26-Sep-14,-,-,-,3536.93
25-Sep-14,-,-,-,3507.81
24-Sep-14,-,-,-,3561.19
23-Sep-14,-,-,-,3577.6
22-Sep-14,-,-,-,3640.02
19-Sep-14,-,-,-,3631.36
18-Sep-14,-,-,-,3629.91
17-Sep-14,-,-,-,3563.88
16-Sep-14,-,-,-,3546.58
15-Sep-14,-,-,-,3620.02
12-Sep-14,-,-,-,3637.24
11-Sep-14,-,-,-,3626.86
10-Sep-14,-,-,-,3617.81
09-Sep-14,-,-,-,3637.09
08-Sep-14,-,-,-,3637.06
05-Sep-14,-,-,-,3594.13
04-Sep-14,-,-,-,3592.52
03-Sep-14,-,-,-,3601.07
02-Sep-14,-,-,-,3582.67
01-Sep-14,-,-,-,3557.16
28-Aug-14,-,-,-,3514.38
27-Aug-14,-,-,-,3511
26-Aug-14,-,-,-,3495.94
25-Aug-14,-,-,-,3498.34
22-Aug-14,-,-,-,3509.36
21-Aug-14,-,-,-,3501.99
20-Aug-14,-,-,-,3492.03
19-Aug-14,-,-,-,3495.25
18-Aug-14,-,-,-,3475.76
14-Aug-14,-,-,-,3431.9
13-Aug-14,-,-,-,3404.88
12-Aug-14,-,-,-,3416.55
11-Aug-14,-,-,-,3378.97
08-Aug-14,-,-,-,3353.86
07-Aug-14,-,-,-,3398.99
06-Aug-14,-,-,-,3410.35
05-Aug-14,-,-,-,3438.84
04-Aug-14,-,-,-,3410.65
01-Aug-14,-,-,-,3375.01
31-Jul-14,-,-,-,3420.44
30-Jul-14,-,-,-,3440.71
28-Jul-14,-,-,-,3422.97
25-Jul-14,-,-,-,3439.83
24-Jul-14,-,-,-,3467.43
23-Jul-14,-,-,-,3457.61
22-Jul-14,-,-,-,3452.94
21-Jul-14,-,-,-,3425.21
18-Jul-14,-,-,-,3415.75
17-Jul-14,-,-,-,3412.9
16-Jul-14,-,-,-,3394.78
15-Jul-14,-,-,-,3349.72
14-Jul-14,-,-,-,3306.65
11-Jul-14,-,-,-,3307.59
10-Jul-14,-,-,-,3371.34
09-Jul-14,-,-,-,3370.18
08-Jul-14,-,-,-,3397.6
07-Jul-14,-,-,-,3492.5
04-Jul-14,-,-,-,3478.8
03-Jul-14,-,-,-,3461.37
02-Jul-14,-,-,-,3466.53
01-Jul-14,-,-,-,3424.15
30-Jun-14,-,-,-,3409.34
27-Jun-14,-,-,-,3357.94
26-Jun-14,-,-,-,3348.6
25-Jun-14,-,-,-,3375.39
24-Jun-14,-,-,-,3374.41
23-Jun-14,-,-,-,3332.39
20-Jun-14,-,-,-,3332.44
19-Jun-14,-,-,-,3346.84
18-Jun-14,-,-,-,3357.81
17-Jun-14,-,-,-,3387.21
16-Jun-14,-,-,-,3341.1
13-Jun-14,-,-,-,3341.62
12-Jun-14,-,-,-,3404.07
11-Jun-14,-,-,-,3395.15
10-Jun-14,-,-,-,3416.92
09-Jun-14,-,-,-,3419.19
06-Jun-14,-,-,-,3381.77
05-Jun-14,-,-,-,3330.87
04-Jun-14,-,-,-,3294.65
03-Jun-14,-,-,-,3284.84
02-Jun-14,-,-,-,3259.73
30-May-14,-,-,-,3199.61
29-May-14,-,-,-,3195.78
28-May-14,-,-,-,3231.06
27-May-14,-,-,-,3220.71
26-May-14,-,-,-,3242.6
23-May-14,-,-,-,3265.41
22-May-14,-,-,-,3219.71
21-May-14,-,-,-,3191.69
20-May-14,-,-,-,3190.05
19-May-14,-,-,-,3172.86
16-May-14,-,-,-,3112.22
15-May-14,-,-,-,3070.58
14-May-14,-,-,-,3072.75
13-May-14,-,-,-,3060.76
12-May-14,-,-,-,3015.24
09-May-14,-,-,-,2958.95
08-May-14,-,-,-,2883.3
07-May-14,-,-,-,2881.35
06-May-14,-,-,-,2903.37
05-May-14,-,-,-,2896.27
02-May-14,-,-,-,2896.62
30-Apr-14,-,-,-,2893.16
29-Apr-14,-,-,-,2910.3
28-Apr-14,-,-,-,2929.68
25-Apr-14,-,-,-,2933.21
23-Apr-14,-,-,-,2951.71
22-Apr-14,-,-,-,2942.9
21-Apr-14,-,-,-,2943.14
17-Apr-14,-,-,-,2922.62
16-Apr-14,-,-,-,2878.25
15-Apr-14,-,-,-,2904.65
11-Apr-14,-,-,-,2926.24
10-Apr-14,-,-,-,2931.8
09-Apr-14,-,-,-,2924.55
07-Apr-14,-,-,-,2879.77
04-Apr-14,-,-,-,2879.77
03-Apr-14,-,-,-,2890.06
02-Apr-14,-,-,-,2899.96
01-Apr-14,-,-,-,2878.13
31-Mar-14,-,-,-,2873.49
28-Mar-14,-,-,-,2860.63
27-Mar-14,-,-,-,2829.76
26-Mar-14,-,-,-,2812.21
25-Mar-14,-,-,-,2805.77
24-Mar-14,-,-,-,2799.53
22-Mar-14,-,-,-,2770.53
21-Mar-14,-,-,-,2766.79
20-Mar-14,-,-,-,2757.69
19-Mar-14,-,-,-,2773.5
18-Mar-14,-,-,-,2768.48
14-Mar-14,-,-,-,2755.18
13-Mar-14,-,-,-,2753.01
12-Mar-14,-,-,-,2764.75
11-Mar-14,-,-,-,2763.64
10-Mar-14,-,-,-,2774.12
07-Mar-14,-,-,-,2766.98
06-Mar-14,-,-,-,2726.65
05-Mar-14,-,-,-,2694.56
04-Mar-14,-,-,-,2679.3
03-Mar-14,-,-,-,2648.21
28-Feb-14,-,-,-,2666.31
26-Feb-14,-,-,-,2648.18
25-Feb-14,-,-,-,2635.94
24-Feb-14,-,-,-,2630.08
21-Feb-14,-,-,-,2618.85
20-Feb-14,-,-,-,2593.4
19-Feb-14,-,-,-,2613.26
18-Feb-14,-,-,-,2601.52
17-Feb-14,-,-,-,2579.12
14-Feb-14,-,-,-,2572.25
13-Feb-14,-,-,-,2557.24
12-Feb-14,-,-,-,2591.32
11-Feb-14,-,-,-,2584.55
10-Feb-14,-,-,-,2580.62
07-Feb-14,-,-,-,2585.47
06-Feb-14,-,-,-,2574.4
05-Feb-14,-,-,-,2569.15
04-Feb-14,-,-,-,2558.14
03-Feb-14,-,-,-,2555.88
31-Jan-14,-,-,-,2588.82
30-Jan-14,-,-,-,2569.84
29-Jan-14,-,-,-,2595.15
28-Jan-14,-,-,-,2595.27
27-Jan-14,-,-,-,2597.73
24-Jan-14,-,-,-,2659.04
23-Jan-14,-,-,-,2695.79
22-Jan-14,-,-,-,2696
21-Jan-14,-,-,-,2686.45
20-Jan-14,-,-,-,2681.72
17-Jan-14,-,-,-,2661.44
16-Jan-14,-,-,-,2689.12
15-Jan-14,-,-,-,2693.73
14-Jan-14,-,-,-,2667.13
13-Jan-14,-,-,-,2677.55
10-Jan-14,-,-,-,2647.17
09-Jan-14,-,-,-,2650.94
08-Jan-14,-,-,-,2658.68
07-Jan-14,-,-,-,2651.25
06-Jan-14,-,-,-,2664.55
03-Jan-14,-,-,-,2667.11
02-Jan-14,-,-,-,2666.01
01-Jan-14,-,-,-,2705.83
31-Dec-13,-,-,-,2701.72
30-Dec-13,-,-,-,2693.46
27-Dec-13,-,-,-,2701.29
26-Dec-13,-,-,-,2686.67
24-Dec-13,-,-,-,2679.74
23-Dec-13,-,-,-,2680.97
20-Dec-13,-,-,-,2671.16
19-Dec-13,-,-,-,2626.87
18-Dec-13,-,-,-,2642.55
17-Dec-13,-,-,-,2608.9
16-Dec-13,-,-,-,2612.81
13-Dec-13,-,-,-,2612.67
12-Dec-13,-,-,-,2642.5
11-Dec-13,-,-,-,2666.94
10-Dec-13,-,-,-,2676.91
09-Dec-13,-,-,-,2690.3
06-Dec-13,-,-,-,2653.8
05-Dec-13,-,-,-,2645.13
04-Dec-13,-,-,-,2617.8
03-Dec-13,-,-,-,2634.74
02-Dec-13,-,-,-,2639.1
29-Nov-13,-,-,-,2620.08
28-Nov-13,-,-,-,2586.53
27-Nov-13,-,-,-,2570.49
26-Nov-13,-,-,-,2570.18
25-Nov-13,-,-,-,2590.35
22-Nov-13,-,-,-,2544.79
21-Nov-13,-,-,-,2544.45
20-Nov-13,-,-,-,2592.48
19-Nov-13,-,-,-,2620.23
18-Nov-13,-,-,-,2614.02
14-Nov-13,-,-,-,2564.72
13-Nov-13,-,-,-,2534.44
12-Nov-13,-,-,-,2547
11-Nov-13,-,-,-,2570.49
08-Nov-13,-,-,-,2595.36
07-Nov-13,-,-,-,2609.57
06-Nov-13,-,-,-,2627.53
05-Nov-13,-,-,-,2639.91
03-Nov-13,-,-,-,2656.85
01-Nov-13,-,-,-,2646.94
31-Oct-13,-,-,-,2636.81
30-Oct-13,-,-,-,2614.77
29-Oct-13,-,-,-,2601.87
28-Oct-13,-,-,-,2556.07
25-Oct-13,-,-,-,2576.13
24-Oct-13,-,-,-,2586.9
23-Oct-13,-,-,-,2592.66
22-Oct-13,-,-,-,2600.75
21-Oct-13,-,-,-,2596.46
18-Oct-13,-,-,-,2583.17
17-Oct-13,-,-,-,2531.6
15-Oct-13,-,-,-,2546.43
14-Oct-13,-,-,-,2560.94
11-Oct-13,-,-,-,2553.05
10-Oct-13,-,-,-,2528.87
09-Oct-13,-,-,-,2520.45
08-Oct-13,-,-,-,2489.86
07-Oct-13,-,-,-,2482.2
04-Oct-13,-,-,-,2478.42
03-Oct-13,-,-,-,2476.44
01-Oct-13,-,-,-,2427.58
30-Sep-13,-,-,-,2410.71
27-Sep-13,-,-,-,2445.49
26-Sep-13,-,-,-,2459.7
25-Sep-13,-,-,-,2456.76
24-Sep-13,-,-,-,2460.77
23-Sep-13,-,-,-,2459.65
20-Sep-13,-,-,-,2501.97
19-Sep-13,-,-,-,2538.79
18-Sep-13,-,-,-,2457.68
17-Sep-13,-,-,-,2439.37
16-Sep-13,-,-,-,2437.31
13-Sep-13,-,-,-,2442.62
12-Sep-13,-,-,-,2440.02
11-Sep-13,-,-,-,2463.43
10-Sep-13,-,-,-,2449.08
06-Sep-13,-,-,-,2370.65
05-Sep-13,-,-,-,2340.51
04-Sep-13,-,-,-,2286.23
03-Sep-13,-,-,-,2247.23
02-Sep-13,-,-,-,2324.59
30-Aug-13,-,-,-,2292.12
29-Aug-13,-,-,-,2268.67
28-Aug-13,-,-,-,2222.46
27-Aug-13,-,-,-,2229.96
26-Aug-13,-,-,-,2303.01
23-Aug-13,-,-,-,2296.87
22-Aug-13,-,-,-,2270.84
21-Aug-13,-,-,-,2234.65
20-Aug-13,-,-,-,2272.27
19-Aug-13,-,-,-,2279.6
16-Aug-13,-,-,-,2319.21
14-Aug-13,-,-,-,2410.72
13-Aug-13,-,-,-,2393.76
12-Aug-13,-,-,-,2356.79
08-Aug-13,-,-,-,2332.86
07-Aug-13,-,-,-,2312.63
06-Aug-13,-,-,-,2312.38
05-Aug-13,-,-,-,2371.98
02-Aug-13,-,-,-,2367.2
01-Aug-13,-,-,-,2388.95
31-Jul-13,-,-,-,2403.31
30-Jul-13,-,-,-,2409.5
29-Jul-13,-,-,-,2447.82
26-Jul-13,-,-,-,2473.76
25-Jul-13,-,-,-,2487.34
24-Jul-13,-,-,-,2518.21
23-Jul-13,-,-,-,2558.03
22-Jul-13,-,-,-,2542.1
19-Jul-13,-,-,-,2543.09
18-Jul-13,-,-,-,2551.22
17-Jul-13,-,-,-,2524.2
16-Jul-13,-,-,-,2523.74
15-Jul-13,-,-,-,2556
12-Jul-13,-,-,-,2542.42
11-Jul-13,-,-,-,2518.34
10-Jul-13,-,-,-,2477.6
09-Jul-13,-,-,-,2493.05
08-Jul-13,-,-,-,2471.88
05-Jul-13,-,-,-,2490.65
04-Jul-13,-,-,-,2480.78
03-Jul-13,-,-,-,2456.75
02-Jul-13,-,-,-,2494.7
01-Jul-13,-,-,-,2510.49
28-Jun-13,-,-,-,2476.78
27-Jun-13,-,-,-,2412.95
26-Jun-13,-,-,-,2381.33
25-Jun-13,-,-,-,2389.47
24-Jun-13,-,-,-,2387.26
21-Jun-13,-,-,-,2428.46
20-Jun-13,-,-,-,2433.65
19-Jun-13,-,-,-,2500.75
18-Jun-13,-,-,-,2494.19
17-Jun-13,-,-,-,2503.11
14-Jun-13,-,-,-,2485.85
13-Jun-13,-,-,-,2443.02
12-Jun-13,-,-,-,2473.16
11-Jun-13,-,-,-,2488.29
10-Jun-13,-,-,-,2529.34
07-Jun-13,-,-,-,2538.59
06-Jun-13,-,-,-,2556.07
05-Jun-13,-,-,-,2557.84
04-Jun-13,-,-,-,2555.66
03-Jun-13,-,-,-,2559.23
31-May-13,-,-,-,2571.15
30-May-13,-,-,-,2621.78
29-May-13,-,-,-,2617.87
28-May-13,-,-,-,2623.46
27-May-13,-,-,-,2611.98
24-May-13,-,-,-,2573.38
23-May-13,-,-,-,2563.88
22-May-13,-,-,-,2618.06
21-May-13,-,-,-,2630.14
20-May-13,-,-,-,2648.47
17-May-13,-,-,-,2662.1
16-May-13,-,-,-,2653.02
15-May-13,-,-,-,2642.47
14-May-13,-,-,-,2583.45
13-May-13,-,-,-,2576.65
11-May-13,-,-,-,2625.82
10-May-13,-,-,-,2619.96
09-May-13,-,-,-,2602.75
08-May-13,-,-,-,2611.74
07-May-13,-,-,-,2602.42
06-May-13,-,-,-,2574.14
03-May-13,-,-,-,2559.55
02-May-13,-,-,-,2579.13
30-Apr-13,-,-,-,2549.99
29-Apr-13,-,-,-,2538.74
26-Apr-13,-,-,-,2522.8
25-Apr-13,-,-,-,2540.66
23-Apr-13,-,-,-,2512.5
22-Apr-13,-,-,-,2513.59
18-Apr-13,-,-,-,2487.59
17-Apr-13,-,-,-,2452.18
16-Apr-13,-,-,-,2449.81
15-Apr-13,-,-,-,2405.52
12-Apr-13,-,-,-,2392.83
11-Apr-13,-,-,-,2411.99
10-Apr-13,-,-,-,2400.13
09-Apr-13,-,-,-,2376.95
08-Apr-13,-,-,-,2397.72
05-Apr-13,-,-,-,2400.74
04-Apr-13,-,-,-,2407.25
03-Apr-13,-,-,-,2450.45
02-Apr-13,-,-,-,2478.39
01-Apr-13,-,-,-,2454.26
28-Mar-13,-,-,-,2438.55
26-Mar-13,-,-,-,2414.46
25-Mar-13,-,-,-,2412.19
22-Mar-13,-,-,-,2420
21-Mar-13,-,-,-,2425.45
20-Mar-13,-,-,-,2443.58
19-Mar-13,-,-,-,2474.12
18-Mar-13,-,-,-,2513.55
15-Mar-13,-,-,-,2527.49
14-Mar-13,-,-,-,2542.65
13-Mar-13,-,-,-,2520.64
12-Mar-13,-,-,-,2549.19
11-Mar-13,-,-,-,2562.53
08-Mar-13,-,-,-,2562
07-Mar-13,-,-,-,2529.75
06-Mar-13,-,-,-,2512.76
05-Mar-13,-,-,-,2495.22
04-Mar-13,-,-,-,2457.54
01-Mar-13,-,-,-,2474.3
28-Feb-13,-,-,-,2462.27
27-Feb-13,-,-,-,2512.11
26-Feb-13,-,-,-,2495.34
25-Feb-13,-,-,-,2536.89
22-Feb-13,-,-,-,2543.08
21-Feb-13,-,-,-,2542.95
20-Feb-13,-,-,-,2585.11
19-Feb-13,-,-,-,2584.23
18-Feb-13,-,-,-,2563.45
15-Feb-13,-,-,-,2556.41
14-Feb-13,-,-,-,2558.37
13-Feb-13,-,-,-,2579.82
12-Feb-13,-,-,-,2581.06
11-Feb-13,-,-,-,2574.71
08-Feb-13,-,-,-,2577.39
07-Feb-13,-,-,-,2594.27
06-Feb-13,-,-,-,2608.17
05-Feb-13,-,-,-,2605.55
04-Feb-13,-,-,-,2619.84
01-Feb-13,-,-,-,2629.24
31-Jan-13,-,-,-,2639.74
30-Jan-13,-,-,-,2640.83
29-Jan-13,-,-,-,2639.81
28-Jan-13,-,-,-,2652.83
25-Jan-13,-,-,-,2651.75
24-Jan-13,-,-,-,2622.69
23-Jan-13,-,-,-,2651.32
22-Jan-13,-,-,-,2655.71
21-Jan-13,-,-,-,2674.27
18-Jan-13,-,-,-,2667.83
17-Jan-13,-,-,-,2661.09
16-Jan-13,-,-,-,2648.21
15-Jan-13,-,-,-,2676.69
14-Jan-13,-,-,-,2664.67
11-Jan-13,-,-,-,2632.7
10-Jan-13,-,-,-,2650.29
09-Jan-13,-,-,-,2654.05
08-Jan-13,-,-,-,2666.09
07-Jan-13,-,-,-,2662.63
04-Jan-13,-,-,-,2669.08
03-Jan-13,-,-,-,2664.44
02-Jan-13,-,-,-,2654.85
01-Jan-13,-,-,-,2636.74
31-Dec-12,-,-,-,2613.13
28-Dec-12,-,-,-,2610.08
27-Dec-12,-,-,-,2592.68
26-Dec-12,-,-,-,2606.67
24-Dec-12,-,-,-,2586.7
21-Dec-12,-,-,-,2582.08
20-Dec-12,-,-,-,2614.83
19-Dec-12,-,-,-,2619.78
18-Dec-12,-,-,-,2604.74
17-Dec-12,-,-,-,2585.92
14-Dec-12,-,-,-,2588.24
13-Dec-12,-,-,-,2574.82
12-Dec-12,-,-,-,2594.62
11-Dec-12,-,-,-,2597.94
10-Dec-12,-,-,-,2606.8
07-Dec-12,-,-,-,2602.58
06-Dec-12,-,-,-,2611.31
05-Dec-12,-,-,-,2595.89
04-Dec-12,-,-,-,2589.88
03-Dec-12,-,-,-,2580.79
30-Nov-12,-,-,-,2575.15
29-Nov-12,-,-,-,2551.5
27-Nov-12,-,-,-,2513.68
26-Nov-12,-,-,-,2476.11
23-Nov-12,-,-,-,2465.11
22-Nov-12,-,-,-,2463.9
21-Nov-12,-,-,-,2456.51
20-Nov-12,-,-,-,2440.17
19-Nov-12,-,-,-,2445.45
16-Nov-12,-,-,-,2453.38
15-Nov-12,-,-,-,2478.6
13-Nov-12,-,-,-,2490.08
12-Nov-12,-,-,-,2490.08
09-Nov-12,-,-,-,2484.31
08-Nov-12,-,-,-,2506.32
07-Nov-12,-,-,-,2511.74
06-Nov-12,-,-,-,2494.75
05-Nov-12,-,-,-,2485.35
02-Nov-12,-,-,-,2484.81
01-Nov-12,-,-,-,2465.06
31-Oct-12,-,-,-,2451.12
30-Oct-12,-,-,-,2437.77
29-Oct-12,-,-,-,2465.67
26-Oct-12,-,-,-,2468.76
25-Oct-12,-,-,-,2489.91
23-Oct-12,-,-,-,2485.55
22-Oct-12,-,-,-,2495.62
19-Oct-12,-,-,-,2485.06
18-Oct-12,-,-,-,2499.21
17-Oct-12,-,-,-,2473.52
16-Oct-12,-,-,-,2469.34
15-Oct-12,-,-,-,2486.54
12-Oct-12,-,-,-,2483.22
11-Oct-12,-,-,-,2492.62
10-Oct-12,-,-,-,2467.25
09-Oct-12,-,-,-,2492.73
08-Oct-12,-,-,-,2479.8
05-Oct-12,-,-,-,2505.82
04-Oct-12,-,-,-,2523.3
03-Oct-12,-,-,-,2501.52
01-Oct-12,-,-,-,2492.07
28-Sep-12,-,-,-,2481.27
27-Sep-12,-,-,-,2455.75
26-Sep-12,-,-,-,2455.6
25-Sep-12,-,-,-,2456.39
24-Sep-12,-,-,-,2450.93
21-Sep-12,-,-,-,2453.14
20-Sep-12,-,-,-,2400.03
18-Sep-12,-,-,-,2417.41
17-Sep-12,-,-,-,2412.97
14-Sep-12,-,-,-,2394.27
13-Sep-12,-,-,-,2346.26
12-Sep-12,-,-,-,2346.51
11-Sep-12,-,-,-,2332.32
10-Sep-12,-,-,-,2322.94
08-Sep-12,-,-,-,2318.88
07-Sep-12,-,-,-,2310.49
06-Sep-12,-,-,-,2272.36
05-Sep-12,-,-,-,2266.38
04-Sep-12,-,-,-,2284.35
03-Sep-12,-,-,-,2273.25
31-Aug-12,-,-,-,2274.08
30-Aug-12,-,-,-,2291.84
29-Aug-12,-,-,-,2281.17
28-Aug-12,-,-,-,2299.28
27-Aug-12,-,-,-,2310.07
24-Aug-12,-,-,-,2327.2
23-Aug-12,-,-,-,2339.32
22-Aug-12,-,-,-,2340.08
21-Aug-12,-,-,-,2344.47
17-Aug-12,-,-,-,2325.79
16-Aug-12,-,-,-,2325.16
14-Aug-12,-,-,-,2331.5
13-Aug-12,-,-,-,2319.91
10-Aug-12,-,-,-,2305.61
09-Aug-12,-,-,-,2307.59
08-Aug-12,-,-,-,2314.04
07-Aug-12,-,-,-,2316.57
06-Aug-12,-,-,-,2298.12
03-Aug-12,-,-,-,2274.43
02-Aug-12,-,-,-,2279.79
01-Aug-12,-,-,-,2281.09
31-Jul-12,-,-,-,2272.27
30-Jul-12,-,-,-,2260.01
27-Jul-12,-,-,-,2218.81
26-Jul-12,-,-,-,2205.95
25-Jul-12,-,-,-,2238.64
24-Jul-12,-,-,-,2248.05
23-Jul-12,-,-,-,2242.39
20-Jul-12,-,-,-,2278.4
19-Jul-12,-,-,-,2290.72
18-Jul-12,-,-,-,2281.11
17-Jul-12,-,-,-,2272.02
16-Jul-12,-,-,-,2278.61
13-Jul-12,-,-,-,2290.8
12-Jul-12,-,-,-,2294.99
11-Jul-12,-,-,-,2320.11
10-Jul-12,-,-,-,2333.68
09-Jul-12,-,-,-,2305.46
06-Jul-12,-,-,-,2327.3
05-Jul-12,-,-,-,2334.25
04-Jul-12,-,-,-,2320.69
03-Jul-12,-,-,-,2311.27
02-Jul-12,-,-,-,2302.45
29-Jun-12,-,-,-,2296.36
28-Jun-12,-,-,-,2244.08
27-Jun-12,-,-,-,2241.24
26-Jun-12,-,-,-,2232.13
25-Jun-12,-,-,-,2227.6
22-Jun-12,-,-,-,2237.74
21-Jun-12,-,-,-,2243.31
20-Jun-12,-,-,-,2223.42
19-Jun-12,-,-,-,2211.56
18-Jun-12,-,-,-,2197.96
15-Jun-12,-,-,-,2228.65
14-Jun-12,-,-,-,2198.61
13-Jun-12,-,-,-,2226.7
12-Jun-12,-,-,-,2225.14
11-Jun-12,-,-,-,2201.9
08-Jun-12,-,-,-,2208.68
07-Jun-12,-,-,-,2200.9
06-Jun-12,-,-,-,2180.55
05-Jun-12,-,-,-,2127.77
04-Jun-12,-,-,-,2121.39
01-Jun-12,-,-,-,2122.22
31-May-12,-,-,-,2155.77
30-May-12,-,-,-,2161.79
29-May-12,-,-,-,2182.33
28-May-12,-,-,-,2182.16
25-May-12,-,-,-,2154.57
24-May-12,-,-,-,2151.08
23-May-12,-,-,-,2120.53
22-May-12,-,-,-,2132.08
21-May-12,-,-,-,2150.95
18-May-12,-,-,-,2142.36
17-May-12,-,-,-,2137.18
16-May-12,-,-,-,2132.79
15-May-12,-,-,-,2166.38
14-May-12,-,-,-,2152.23
11-May-12,-,-,-,2164.09
10-May-12,-,-,-,2181.28
09-May-12,-,-,-,2183.53
08-May-12,-,-,-,2199.58
07-May-12,-,-,-,2244.38
04-May-12,-,-,-,2231.33
03-May-12,-,-,-,2274.2
02-May-12,-,-,-,2297.49
30-Apr-12,-,-,-,2301.26
28-Apr-12,-,-,-,2284.22
27-Apr-12,-,-,-,2275.47
26-Apr-12,-,-,-,2276.7
25-Apr-12,-,-,-,2283.87
24-Apr-12,-,-,-,2293.75
23-Apr-12,-,-,-,2288.75
20-Apr-12,-,-,-,2327.89
19-Apr-12,-,-,-,2346.11
18-Apr-12,-,-,-,2336.38
17-Apr-12,-,-,-,2330.77
16-Apr-12,-,-,-,2306.06
13-Apr-12,-,-,-,2296.5
12-Apr-12,-,-,-,2322.1
11-Apr-12,-,-,-,2301.6
10-Apr-12,-,-,-,2311.18
09-Apr-12,-,-,-,2309.72
04-Apr-12,-,-,-,2346.95
03-Apr-12,-,-,-,2358.14
02-Apr-12,-,-,-,2338.1
30-Mar-12,-,-,-,2323.72
29-Mar-12,-,-,-,2270.24
28-Mar-12,-,-,-,2272.47
27-Mar-12,-,-,-,2294.18
26-Mar-12,-,-,-,2274.26
23-Mar-12,-,-,-,2313.16
22-Mar-12,-,-,-,2293.07
21-Mar-12,-,-,-,2350.77
20-Mar-12,-,-,-,2310.41
19-Mar-12,-,-,-,2299.71
16-Mar-12,-,-,-,2326.55
15-Mar-12,-,-,-,2353.74
14-Mar-12,-,-,-,2390.41
13-Mar-12,-,-,-,2376.82
12-Mar-12,-,-,-,2347.98
09-Mar-12,-,-,-,2333.42
07-Mar-12,-,-,-,2283.32
06-Mar-12,-,-,-,2286.09
05-Mar-12,-,-,-,2310.38
03-Mar-12,-,-,-,2343.49
02-Mar-12,-,-,-,2342.53
01-Mar-12,-,-,-,2336.81
29-Feb-12,-,-,-,2354.13
28-Feb-12,-,-,-,2344.74
27-Feb-12,-,-,-,2293.06
24-Feb-12,-,-,-,2359
23-Feb-12,-,-,-,2380.04
22-Feb-12,-,-,-,2390.25
21-Feb-12,-,-,-,2449.26
17-Feb-12,-,-,-,2430.66
16-Feb-12,-,-,-,2415.63
15-Feb-12,-,-,-,2412.8
14-Feb-12,-,-,-,2362.43
13-Feb-12,-,-,-,2348.68
10-Feb-12,-,-,-,2345.03
09-Feb-12,-,-,-,2352.52
08-Feb-12,-,-,-,2330.57
07-Feb-12,-,-,-,2311.84
06-Feb-12,-,-,-,2327.23
03-Feb-12,-,-,-,2305.62
02-Feb-12,-,-,-,2282.33
01-Feb-12,-,-,-,2266.55
31-Jan-12,-,-,-,2247.02
30-Jan-12,-,-,-,2199.57
27-Jan-12,-,-,-,2248.45
25-Jan-12,-,-,-,2229.82
24-Jan-12,-,-,-,2210.52
23-Jan-12,-,-,-,2175.79
20-Jan-12,-,-,-,2175.62
19-Jan-12,-,-,-,2164.33
18-Jan-12,-,-,-,2136.79
17-Jan-12,-,-,-,2146.97
16-Jan-12,-,-,-,2110.34
13-Jan-12,-,-,-,2106.95
12-Jan-12,-,-,-,2090.34
11-Jan-12,-,-,-,2094.72
10-Jan-12,-,-,-,2083.35
09-Jan-12,-,-,-,2036.85
07-Jan-12,-,-,-,2034.28
06-Jan-12,-,-,-,2032.32
05-Jan-12,-,-,-,2033.06
04-Jan-12,-,-,-,2032.4
03-Jan-12,-,-,-,2035.47
02-Jan-12,-,-,-,1981.51
30-Dec-11,-,-,-,1978.91
29-Dec-11,-,-,-,1984.16
28-Dec-11,-,-,-,2004.04
27-Dec-11,-,-,-,2023.92
26-Dec-11,-,-,-,2036.79
23-Dec-11,-,-,-,2013.1
22-Dec-11,-,-,-,2020.18
21-Dec-11,-,-,-,2001.85
20-Dec-11,-,-,-,1949.31
19-Dec-11,-,-,-,1982.26
16-Dec-11,-,-,-,2007.18
15-Dec-11,-,-,-,2046.65
14-Dec-11,-,-,-,2056.25
13-Dec-11,-,-,-,2073.04
12-Dec-11,-,-,-,2064.75
09-Dec-11,-,-,-,2108.42
08-Dec-11,-,-,-,2137.33
07-Dec-11,-,-,-,2184.84
05-Dec-11,-,-,-,2177.76
02-Dec-11,-,-,-,2180.05
01-Dec-11,-,-,-,2134.56
30-Nov-11,-,-,-,2098.03
29-Nov-11,-,-,-,2094.4
28-Nov-11,-,-,-,2113.56
25-Nov-11,-,-,-,2060.35
24-Nov-11,-,-,-,2071.17
23-Nov-11,-,-,-,2048.09
22-Nov-11,-,-,-,2092.14
21-Nov-11,-,-,-,2080.29
18-Nov-11,-,-,-,2129.74
17-Nov-11,-,-,-,2144.44
16-Nov-11,-,-,-,2183
15-Nov-11,-,-,-,2200.66
14-Nov-11,-,-,-,2243.89
11-Nov-11,-,-,-,2259.02
09-Nov-11,-,-,-,2284.63
08-Nov-11,-,-,-,2315.22
04-Nov-11,-,-,-,2314.21
03-Nov-11,-,-,-,2302.35
02-Nov-11,-,-,-,2297.83
01-Nov-11,-,-,-,2297.53
31-Oct-11,-,-,-,2322.08
28-Oct-11,-,-,-,2329.54
26-Oct-11,-,-,-,2269.47
25-Oct-11,-,-,-,2259.16
24-Oct-11,-,-,-,2229.77
21-Oct-11,-,-,-,2218.12
20-Oct-11,-,-,-,2235.99
19-Oct-11,-,-,-,2255.59
18-Oct-11,-,-,-,2217.35
17-Oct-11,-,-,-,2250.43
14-Oct-11,-,-,-,2254.01
13-Oct-11,-,-,-,2236.39
12-Oct-11,-,-,-,2241.91
11-Oct-11,-,-,-,2194.57
10-Oct-11,-,-,-,2192.17
07-Oct-11,-,-,-,2157.3
05-Oct-11,-,-,-,2107.02
04-Oct-11,-,-,-,2119.21
03-Oct-11,-,-,-,2151.89
30-Sep-11,-,-,-,2193.14
29-Sep-11,-,-,-,2218.59
28-Sep-11,-,-,-,2198.65
27-Sep-11,-,-,-,2211.4
26-Sep-11,-,-,-,2159.3
23-Sep-11,-,-,-,2180.31
22-Sep-11,-,-,-,2203.51
21-Sep-11,-,-,-,2289.4
20-Sep-11,-,-,-,2284.85
19-Sep-11,-,-,-,2246.12
16-Sep-11,-,-,-,2263.84
15-Sep-11,-,-,-,2259.49
14-Sep-11,-,-,-,2234.81
13-Sep-11,-,-,-,2210.68
12-Sep-11,-,-,-,2212.52
09-Sep-11,-,-,-,2260.63
08-Sep-11,-,-,-,2296.49
07-Sep-11,-,-,-,2286.54
06-Sep-11,-,-,-,2256.91
05-Sep-11,-,-,-,2240.29
02-Sep-11,-,-,-,2244.3
30-Aug-11,-,-,-,2226.72
29-Aug-11,-,-,-,2193.02
26-Aug-11,-,-,-,2124.08
25-Aug-11,-,-,-,2167.42
24-Aug-11,-,-,-,2189.57
23-Aug-11,-,-,-,2211.75
22-Aug-11,-,-,-,2189.48
19-Aug-11,-,-,-,2164.93
18-Aug-11,-,-,-,2202.89
17-Aug-11,-,-,-,2251.08
16-Aug-11,-,-,-,2251.89
12-Aug-11,-,-,-,2274.44
11-Aug-11,-,-,-,2298.12
10-Aug-11,-,-,-,2307.54
09-Aug-11,-,-,-,2266
08-Aug-11,-,-,-,2289.89
05-Aug-11,-,-,-,2328.88
04-Aug-11,-,-,-,2379.85
03-Aug-11,-,-,-,2405.93
02-Aug-11,-,-,-,2424.45
01-Aug-11,-,-,-,2451.13
29-Jul-11,-,-,-,2442.22
28-Jul-11,-,-,-,2453.76
27-Jul-11,-,-,-,2479.25
26-Jul-11,-,-,-,2486.53
25-Jul-11,-,-,-,2526.38
22-Jul-11,-,-,-,2508.08
21-Jul-11,-,-,-,2470.72
20-Jul-11,-,-,-,2482.95
19-Jul-11,-,-,-,2505.02
18-Jul-11,-,-,-,2489.01
15-Jul-11,-,-,-,2491.38
14-Jul-11,-,-,-,2497.22
13-Jul-11,-,-,-,2487.84
12-Jul-11,-,-,-,2460.77
11-Jul-11,-,-,-,2495.65
08-Jul-11,-,-,-,2512.95
07-Jul-11,-,-,-,2542.09
06-Jul-11,-,-,-,2502.29
05-Jul-11,-,-,-,2503
04-Jul-11,-,-,-,2509.38
01-Jul-11,-,-,-,2494.15
30-Jun-11,-,-,-,2494.27
29-Jun-11,-,-,-,2477.51
28-Jun-11,-,-,-,2456.59
27-Jun-11,-,-,-,2448.26
24-Jun-11,-,-,-,2422.38
23-Jun-11,-,-,-,2361.53
22-Jun-11,-,-,-,2349.56
21-Jun-11,-,-,-,2355.33
20-Jun-11,-,-,-,2352.8
17-Jun-11,-,-,-,2405.59
16-Jun-11,-,-,-,2420.78
15-Jun-11,-,-,-,2441.73
14-Jun-11,-,-,-,2462.36
13-Jun-11,-,-,-,2453.49
10-Jun-11,-,-,-,2452.7
09-Jun-11,-,-,-,2466.75
08-Jun-11,-,-,-,2469.43
07-Jun-11,-,-,-,2478.41
06-Jun-11,-,-,-,2464.82
03-Jun-11,-,-,-,2460.72
02-Jun-11,-,-,-,2473.98
01-Jun-11,-,-,-,2493.54
31-May-11,-,-,-,2479.67
30-May-11,-,-,-,2440.81
27-May-11,-,-,-,2434.11
26-May-11,-,-,-,2404.13
25-May-11,-,-,-,2383.91
24-May-11,-,-,-,2400.08
23-May-11,-,-,-,2395.17
20-May-11,-,-,-,2435.74
19-May-11,-,-,-,2413.97
18-May-11,-,-,-,2416.18
17-May-11,-,-,-,2427.76
16-May-11,-,-,-,2449.76
13-May-11,-,-,-,2468.57
12-May-11,-,-,-,2443.7
11-May-11,-,-,-,2474.55
10-May-11,-,-,-,2462.16
09-May-11,-,-,-,2465.01
06-May-11,-,-,-,2463.01
05-May-11,-,-,-,2425.16
04-May-11,-,-,-,2457.25
03-May-11,-,-,-,2469.93
02-May-11,-,-,-,2526.02
29-Apr-11,-,-,-,2549.25
28-Apr-11,-,-,-,2569.2
27-Apr-11,-,-,-,2589.81
26-Apr-11,-,-,-,2598.84
25-Apr-11,-,-,-,2600.85
21-Apr-11,-,-,-,2602.65
20-Apr-11,-,-,-,2593.7
19-Apr-11,-,-,-,2551.26
18-Apr-11,-,-,-,2546.58
15-Apr-11,-,-,-,2585.45
13-Apr-11,-,-,-,2612.94
11-Apr-11,-,-,-,2564.98
08-Apr-11,-,-,-,2587.77
07-Apr-11,-,-,-,2611.84
06-Apr-11,-,-,-,2606.24
05-Apr-11,-,-,-,2607.88
04-Apr-11,-,-,-,2598.22
01-Apr-11,-,-,-,2560.21
31-Mar-11,-,-,-,2551.69
30-Mar-11,-,-,-,2536.48
29-Mar-11,-,-,-,2508.51
28-Mar-11,-,-,-,2491.96
25-Mar-11,-,-,-,2478.49
24-Mar-11,-,-,-,2431.09
23-Mar-11,-,-,-,2412.74
22-Mar-11,-,-,-,2387.13
21-Mar-11,-,-,-,2366.65
18-Mar-11,-,-,-,2371.91
17-Mar-11,-,-,-,2398.5
16-Mar-11,-,-,-,2420.19
15-Mar-11,-,-,-,2391.75
14-Mar-11,-,-,-,2427.72
11-Mar-11,-,-,-,2397.4
10-Mar-11,-,-,-,2418.77
09-Mar-11,-,-,-,2430.8
08-Mar-11,-,-,-,2423.1
07-Mar-11,-,-,-,2398.87
04-Mar-11,-,-,-,2430.46
03-Mar-11,-,-,-,2428.89
01-Mar-11,-,-,-,2423.79
28-Feb-11,-,-,-,2344.64
25-Feb-11,-,-,-,2333.32
24-Feb-11,-,-,-,2319.78
23-Feb-11,-,-,-,2395.45
22-Feb-11,-,-,-,2409.04
21-Feb-11,-,-,-,2430.78
18-Feb-11,-,-,-,2410.4
17-Feb-11,-,-,-,2451.96
16-Feb-11,-,-,-,2424.9
15-Feb-11,-,-,-,2420.63
14-Feb-11,-,-,-,2410.12
11-Feb-11,-,-,-,2340.29
10-Feb-11,-,-,-,2297.55
09-Feb-11,-,-,-,2305.52
08-Feb-11,-,-,-,2349.56
07-Feb-11,-,-,-,2392.54
04-Feb-11,-,-,-,2397.11
03-Feb-11,-,-,-,2446.76
02-Feb-11,-,-,-,2409.67
01-Feb-11,-,-,-,2403.98
31-Jan-11,-,-,-,2443.83
28-Jan-11,-,-,-,2445.83
27-Jan-11,-,-,-,2494.85
25-Jan-11,-,-,-,2536.35
24-Jan-11,-,-,-,2557.67
21-Jan-11,-,-,-,2537.91
20-Jan-11,-,-,-,2540.39
19-Jan-11,-,-,-,2532.81
18-Jan-11,-,-,-,2540.56
17-Jan-11,-,-,-,2516.35
14-Jan-11,-,-,-,2524.31
13-Jan-11,-,-,-,2564.44
12-Jan-11,-,-,-,2602.51
11-Jan-11,-,-,-,2555.99
10-Jan-11,-,-,-,2562.66
07-Jan-11,-,-,-,2626.56
06-Jan-11,-,-,-,2689.97
05-Jan-11,-,-,-,2711.13
04-Jan-11,-,-,-,2741.02
03-Jan-11,-,-,-,2746.64
31-Dec-10,-,-,-,2731.13
30-Dec-10,-,-,-,2710.77
29-Dec-10,-,-,-,2693.84
28-Dec-10,-,-,-,2668.25
27-Dec-10,-,-,-,2668.34
24-Dec-10,-,-,-,2674.53
23-Dec-10,-,-,-,2664.21
22-Dec-10,-,-,-,2667.93
21-Dec-10,-,-,-,2671.56
20-Dec-10,-,-,-,2648.34
16-Dec-10,-,-,-,2649.17
15-Dec-10,-,-,-,2630.34
14-Dec-10,-,-,-,2657.57
13-Dec-10,-,-,-,2633.49
10-Dec-10,-,-,-,2604.23
09-Dec-10,-,-,-,2562.83
08-Dec-10,-,-,-,2639.58
07-Dec-10,-,-,-,2679.09
06-Dec-10,-,-,-,2692.72
03-Dec-10,-,-,-,2698
02-Dec-10,-,-,-,2722.01
01-Dec-10,-,-,-,2699.84
30-Nov-10,-,-,-,2646.64
29-Nov-10,-,-,-,2621.12
26-Nov-10,-,-,-,2589.36
25-Nov-10,-,-,-,2628.19
24-Nov-10,-,-,-,2670.31
23-Nov-10,-,-,-,2702.33
22-Nov-10,-,-,-,2736.01
19-Nov-10,-,-,-,2688.5
18-Nov-10,-,-,-,2738.23
16-Nov-10,-,-,-,2736.92
15-Nov-10,-,-,-,2796.52
12-Nov-10,-,-,-,2780.11
11-Nov-10,-,-,-,2839.41
10-Nov-10,-,-,-,2875.58
09-Nov-10,-,-,-,2881.53
08-Nov-10,-,-,-,2867.85
05-Nov-10,-,-,-,2880.41
04-Nov-10,-,-,-,2864.95
03-Nov-10,-,-,-,2821.35
02-Nov-10,-,-,-,2804.5
01-Nov-10,-,-,-,2800.12
29-Oct-10,-,-,-,2756.39
28-Oct-10,-,-,-,2751.85
27-Oct-10,-,-,-,2765.53
26-Oct-10,-,-,-,2789.71
25-Oct-10,-,-,-,2798.01
22-Oct-10,-,-,-,2781.98
21-Oct-10,-,-,-,2791.19
20-Oct-10,-,-,-,2742.12
19-Oct-10,-,-,-,2758.08
18-Oct-10,-,-,-,2772.07
15-Oct-10,-,-,-,2770.36
14-Oct-10,-,-,-,2817.22
13-Oct-10,-,-,-,2837.58
12-Oct-10,-,-,-,2785.68
11-Oct-10,-,-,-,2805.95
08-Oct-10,-,-,-,2787.47
07-Oct-10,-,-,-,2797.12
06-Oct-10,-,-,-,2821.99
05-Oct-10,-,-,-,2798.93
04-Oct-10,-,-,-,2796.68
01-Oct-10,-,-,-,2784.79
30-Sep-10,-,-,-,2734.62
29-Sep-10,-,-,-,2734.9
28-Sep-10,-,-,-,2753.86
27-Sep-10,-,-,-,2752.72
24-Sep-10,-,-,-,2739.61
23-Sep-10,-,-,-,2715.79
22-Sep-10,-,-,-,2725.38
21-Sep-10,-,-,-,2734.81
20-Sep-10,-,-,-,2737.76
17-Sep-10,-,-,-,2708.14
16-Sep-10,-,-,-,2679.15
15-Sep-10,-,-,-,2699.55
14-Sep-10,-,-,-,2681.9
13-Sep-10,-,-,-,2674.05
09-Sep-10,-,-,-,2634.45
08-Sep-10,-,-,-,2623.51
07-Sep-10,-,-,-,2618.73
06-Sep-10,-,-,-,2608.18
03-Sep-10,-,-,-,2569.15
02-Sep-10,-,-,-,2561.83
01-Sep-10,-,-,-,2557.02
31-Aug-10,-,-,-,2520.15
30-Aug-10,-,-,-,2531.75
27-Aug-10,-,-,-,2528.07
26-Aug-10,-,-,-,2551.64
25-Aug-10,-,-,-,2545.7
24-Aug-10,-,-,-,2569.95
23-Aug-10,-,-,-,2586.82
20-Aug-10,-,-,-,2572.05
19-Aug-10,-,-,-,2573.04
18-Aug-10,-,-,-,2555.52
17-Aug-10,-,-,-,2532.28
16-Aug-10,-,-,-,2529.92
13-Aug-10,-,-,-,2542.09
12-Aug-10,-,-,-,2524.61
11-Aug-10,-,-,-,2519.71
10-Aug-10,-,-,-,2532.27
09-Aug-10,-,-,-,2544.33
06-Aug-10,-,-,-,2521.97
05-Aug-10,-,-,-,2523.53
04-Aug-10,-,-,-,2527.98
03-Aug-10,-,-,-,2518.94
02-Aug-10,-,-,-,2512.1
30-Jul-10,-,-,-,2485.36
29-Jul-10,-,-,-,2493.56
28-Jul-10,-,-,-,2495.91
27-Jul-10,-,-,-,2503.72
26-Jul-10,-,-,-,2497.48
23-Jul-10,-,-,-,2511.94
22-Jul-10,-,-,-,2515.29
21-Jul-10,-,-,-,2499.12
20-Jul-10,-,-,-,2485.63
19-Jul-10,-,-,-,2493.32
16-Jul-10,-,-,-,2493.81
15-Jul-10,-,-,-,2481.98
14-Jul-10,-,-,-,2487.78
13-Jul-10,-,-,-,2494.56
12-Jul-10,-,-,-,2485.14
09-Jul-10,-,-,-,2477.64
08-Jul-10,-,-,-,2457.24
07-Jul-10,-,-,-,2435.95
06-Jul-10,-,-,-,2451.17
05-Jul-10,-,-,-,2432.42
02-Jul-10,-,-,-,2433.71
01-Jul-10,-,-,-,2435.74
30-Jun-10,-,-,-,2454.34
29-Jun-10,-,-,-,2434.04
28-Jun-10,-,-,-,2459.17
25-Jun-10,-,-,-,2424.08
24-Jun-10,-,-,-,2427.99
23-Jun-10,-,-,-,2431.89
22-Jun-10,-,-,-,2425.38
21-Jun-10,-,-,-,2436.25
18-Jun-10,-,-,-,2403.01
17-Jun-10,-,-,-,2412.04
16-Jun-10,-,-,-,2398.53
15-Jun-10,-,-,-,2395.37
14-Jun-10,-,-,-,2386.43
11-Jun-10,-,-,-,2357.77
10-Jun-10,-,-,-,2347.42
09-Jun-10,-,-,-,2315.95
08-Jun-10,-,-,-,2304.91
07-Jun-10,-,-,-,2325.77
04-Jun-10,-,-,-,2366.48
03-Jun-10,-,-,-,2360.7
02-Jun-10,-,-,-,2325.71
01-Jun-10,-,-,-,2303.26
31-May-10,-,-,-,2345.66
28-May-10,-,-,-,2323.75
27-May-10,-,-,-,2290
26-May-10,-,-,-,2259.81
25-May-10,-,-,-,2221.76
24-May-10,-,-,-,2282.71
21-May-10,-,-,-,2277.44
20-May-10,-,-,-,2295.45
19-May-10,-,-,-,2281.09
18-May-10,-,-,-,2342.72
17-May-10,-,-,-,2339.97
14-May-10,-,-,-,2353.05
13-May-10,-,-,-,2383.08
12-May-10,-,-,-,2367.96
11-May-10,-,-,-,2360.66
10-May-10,-,-,-,2387.49
07-May-10,-,-,-,2322.92
06-May-10,-,-,-,2365.07
05-May-10,-,-,-,2373.02
04-May-10,-,-,-,2376.74
03-May-10,-,-,-,2412.25
30-Apr-10,-,-,-,2427.14
29-Apr-10,-,-,-,2410.86
28-Apr-10,-,-,-,2397.44
27-Apr-10,-,-,-,2433.09
26-Apr-10,-,-,-,2436.1
23-Apr-10,-,-,-,2427.72
22-Apr-10,-,-,-,2420.77
21-Apr-10,-,-,-,2413.92
20-Apr-10,-,-,-,2399.68
19-Apr-10,-,-,-,2382.6
16-Apr-10,-,-,-,2411.67
15-Apr-10,-,-,-,2421.02
13-Apr-10,-,-,-,2434.42
12-Apr-10,-,-,-,2440.72
09-Apr-10,-,-,-,2448.88
08-Apr-10,-,-,-,2432.87
07-Apr-10,-,-,-,2456.59
06-Apr-10,-,-,-,2448.13
05-Apr-10,-,-,-,2444.23
01-Apr-10,-,-,-,2411.19
31-Mar-10,-,-,-,2392.38
30-Mar-10,-,-,-,2392.04
29-Mar-10,-,-,-,2395.89
26-Mar-10,-,-,-,2391.85
25-Mar-10,-,-,-,2381.41
23-Mar-10,-,-,-,2378.02
22-Mar-10,-,-,-,2373.16
19-Mar-10,-,-,-,2398.17
18-Mar-10,-,-,-,2388.5
17-Mar-10,-,-,-,2387.19
16-Mar-10,-,-,-,2370.8
15-Mar-10,-,-,-,2348.3
12-Mar-10,-,-,-,2359.42
11-Mar-10,-,-,-,2359.29
10-Mar-10,-,-,-,2360.16
09-Mar-10,-,-,-,2359.58
08-Mar-10,-,-,-,2379.18
05-Mar-10,-,-,-,2369.31
04-Mar-10,-,-,-,2364.55
03-Mar-10,-,-,-,2357.12
02-Mar-10,-,-,-,2325.29
26-Feb-10,-,-,-,2289.1
25-Feb-10,-,-,-,2258.41
24-Feb-10,-,-,-,2263.07
23-Feb-10,-,-,-,2268.38
22-Feb-10,-,-,-,2271.44
19-Feb-10,-,-,-,2276.56
18-Feb-10,-,-,-,2300.81
17-Feb-10,-,-,-,2314.94
16-Feb-10,-,-,-,2294.46
15-Feb-10,-,-,-,2273.55
11-Feb-10,-,-,-,2288.69
10-Feb-10,-,-,-,2264.48
09-Feb-10,-,-,-,2277.48
08-Feb-10,-,-,-,2257.4
06-Feb-10,-,-,-,2257.18
05-Feb-10,-,-,-,2233.06
04-Feb-10,-,-,-,2297.81
03-Feb-10,-,-,-,2337.9
02-Feb-10,-,-,-,2297.13
01-Feb-10,-,-,-,2328.83
29-Jan-10,-,-,-,2305.48
28-Jan-10,-,-,-,2294.9
27-Jan-10,-,-,-,2288.59
25-Jan-10,-,-,-,2374.5
22-Jan-10,-,-,-,2392.42
21-Jan-10,-,-,-,2410.97
20-Jan-10,-,-,-,2472.49
19-Jan-10,-,-,-,2480.79
18-Jan-10,-,-,-,2497.47
15-Jan-10,-,-,-,2480.08
14-Jan-10,-,-,-,2470.32
13-Jan-10,-,-,-,2450.82
12-Jan-10,-,-,-,2437.33
11-Jan-10,-,-,-,2459.85
08-Jan-10,-,-,-,2444.21
07-Jan-10,-,-,-,2447.22
06-Jan-10,-,-,-,2452.91
05-Jan-10,-,-,-,2448.99
04-Jan-10,-,-,-,2422.2
31-Dec-09,-,-,-,2400.22
30-Dec-09,-,-,-,2387.68
29-Dec-09,-,-,-,2388.9
24-Dec-09,-,-,-,2382.9
23-Dec-09,-,-,-,2368.83
22-Dec-09,-,-,-,2310.42
21-Dec-09,-,-,-,2290.29
18-Dec-09,-,-,-,2301.49
17-Dec-09,-,-,-,2321.44
16-Dec-09,-,-,-,2314.47
15-Dec-09,-,-,-,2312.03
14-Dec-09,-,-,-,2344.34
11-Dec-09,-,-,-,2350.82
10-Dec-09,-,-,-,2359.55
09-Dec-09,-,-,-,2348.61
08-Dec-09,-,-,-,2357.3
07-Dec-09,-,-,-,2326.67
04-Dec-09,-,-,-,2348.07
03-Dec-09,-,-,-,2352.44
02-Dec-09,-,-,-,2339.45
01-Dec-09,-,-,-,2335.04
30-Nov-09,-,-,-,2295.5
27-Nov-09,-,-,-,2253.06
26-Nov-09,-,-,-,2282.51
25-Nov-09,-,-,-,2317.34
24-Nov-09,-,-,-,2314.39
23-Nov-09,-,-,-,2315.32
20-Nov-09,-,-,-,2296.97
19-Nov-09,-,-,-,2275.95
18-Nov-09,-,-,-,2306.42
17-Nov-09,-,-,-,2303.74
16-Nov-09,-,-,-,2304.41
13-Nov-09,-,-,-,2278.05
12-Nov-09,-,-,-,2261.39
11-Nov-09,-,-,-,2286.98
10-Nov-09,-,-,-,2234.22
09-Nov-09,-,-,-,2230.01
06-Nov-09,-,-,-,2187.51
05-Nov-09,-,-,-,2158.81
04-Nov-09,-,-,-,2123.55
03-Nov-09,-,-,-,2063.8
30-Oct-09,-,-,-,2134.08
29-Oct-09,-,-,-,2150.47
28-Oct-09,-,-,-,2187.25
27-Oct-09,-,-,-,2193.47
26-Oct-09,-,-,-,2253.91
23-Oct-09,-,-,-,2274.78
22-Oct-09,-,-,-,2266.46
21-Oct-09,-,-,-,2301.66
20-Oct-09,-,-,-,2323.32
17-Oct-09,-,-,-,2330.85
16-Oct-09,-,-,-,2323.6
15-Oct-09,-,-,-,2307.29
14-Oct-09,-,-,-,2303.92
12-Oct-09,-,-,-,2270.92
09-Oct-09,-,-,-,2232.16
08-Oct-09,-,-,-,2248.5
07-Oct-09,-,-,-,2239.46
06-Oct-09,-,-,-,2242.01
05-Oct-09,-,-,-,2241.54
01-Oct-09,-,-,-,2281.92
30-Sep-09,-,-,-,2281.56
29-Sep-09,-,-,-,2255.72
25-Sep-09,-,-,-,2238.67
24-Sep-09,-,-,-,2237.97
23-Sep-09,-,-,-,2230.8
22-Sep-09,-,-,-,2253.62
18-Sep-09,-,-,-,2240.11
17-Sep-09,-,-,-,2227.79
16-Sep-09,-,-,-,2225.8
15-Sep-09,-,-,-,2200.24
14-Sep-09,-,-,-,2164.75
11-Sep-09,-,-,-,2167.4
10-Sep-09,-,-,-,2172.14
09-Sep-09,-,-,-,2174.09
08-Sep-09,-,-,-,2176.39
07-Sep-09,-,-,-,2173.58
04-Sep-09,-,-,-,2125.29
03-Sep-09,-,-,-,2095.9
02-Sep-09,-,-,-,2098.31
01-Sep-09,-,-,-,2106.31
31-Aug-09,-,-,-,2126.96
28-Aug-09,-,-,-,2139.9
27-Aug-09,-,-,-,2122.01
26-Aug-09,-,-,-,2115.77
25-Aug-09,-,-,-,2100.71
24-Aug-09,-,-,-,2091.81
21-Aug-09,-,-,-,2048.1
20-Aug-09,-,-,-,2020.26
19-Aug-09,-,-,-,1996.1
18-Aug-09,-,-,-,2028.01
17-Aug-09,-,-,-,1995
14-Aug-09,-,-,-,2073.81
13-Aug-09,-,-,-,2078.27
12-Aug-09,-,-,-,2013.05
11-Aug-09,-,-,-,2016.63
10-Aug-09,-,-,-,2004.27
07-Aug-09,-,-,-,2025.94
06-Aug-09,-,-,-,2069.51
05-Aug-09,-,-,-,2115.88
04-Aug-09,-,-,-,2104.03
03-Aug-09,-,-,-,2113.43
31-Jul-09,-,-,-,2080.39
30-Jul-09,-,-,-,2057.23
29-Jul-09,-,-,-,2037.74
28-Jul-09,-,-,-,2060.35
27-Jul-09,-,-,-,2050.09
24-Jul-09,-,-,-,2039.57
23-Jul-09,-,-,-,2015.34
22-Jul-09,-,-,-,1970.67
21-Jul-09,-,-,-,1991.52
20-Jul-09,-,-,-,2006.55
17-Jul-09,-,-,-,1957.59
16-Jul-09,-,-,-,1902.69
15-Jul-09,-,-,-,1898.89
14-Jul-09,-,-,-,1830.77
13-Jul-09,-,-,-,1767.21
10-Jul-09,-,-,-,1793.56
09-Jul-09,-,-,-,1827.24
08-Jul-09,-,-,-,1821.45
07-Jul-09,-,-,-,1870.25
06-Jul-09,-,-,-,1865.69
03-Jul-09,-,-,-,1972.41
02-Jul-09,-,-,-,1949.82
01-Jul-09,-,-,-,1936.88
30-Jun-09,-,-,-,1918.6
29-Jun-09,-,-,-,1966.16
26-Jun-09,-,-,-,1947.49
25-Jun-09,-,-,-,1898.73
24-Jun-09,-,-,-,1917.12
23-Jun-09,-,-,-,1890.93
22-Jun-09,-,-,-,1884.28
19-Jun-09,-,-,-,1911.94
18-Jun-09,-,-,-,1886.67
17-Jun-09,-,-,-,1937.86
16-Jun-09,-,-,-,2012.34
15-Jun-09,-,-,-,1987.03
12-Jun-09,-,-,-,2026.37
11-Jun-09,-,-,-,2052.37
10-Jun-09,-,-,-,2064.78
09-Jun-09,-,-,-,2025.94
08-Jun-09,-,-,-,1972.12
05-Jun-09,-,-,-,2054.24
04-Jun-09,-,-,-,2053.09
03-Jun-09,-,-,-,2023.97
02-Jun-09,-,-,-,2015.17
01-Jun-09,-,-,-,2021.62
29-May-09,-,-,-,1979.79
28-May-09,-,-,-,1928.58
27-May-09,-,-,-,1903.7
26-May-09,-,-,-,1830.51
25-May-09,-,-,-,1881.29
22-May-09,-,-,-,1854.14
21-May-09,-,-,-,1838.24
20-May-09,-,-,-,1844.81
19-May-09,-,-,-,1824.51
18-May-09,-,-,-,1814.95
15-May-09,-,-,-,1563.91
14-May-09,-,-,-,1537.85
13-May-09,-,-,-,1544.71
12-May-09,-,-,-,1559.04
11-May-09,-,-,-,1517.03
08-May-09,-,-,-,1543.14
07-May-09,-,-,-,1562.34
06-May-09,-,-,-,1532.84
05-May-09,-,-,-,1549.4
04-May-09,-,-,-,1537.93
29-Apr-09,-,-,-,1469.4
28-Apr-09,-,-,-,1428.76
27-Apr-09,-,-,-,1476.52
24-Apr-09,-,-,-,1485.01
23-Apr-09,-,-,-,1460.74
22-Apr-09,-,-,-,1427.39
21-Apr-09,-,-,-,1442.6
20-Apr-09,-,-,-,1447.48
17-Apr-09,-,-,-,1442.17
16-Apr-09,-,-,-,1431.99
15-Apr-09,-,-,-,1486.03
13-Apr-09,-,-,-,1434.63
09-Apr-09,-,-,-,1404.71
08-Apr-09,-,-,-,1399.73
06-Apr-09,-,-,-,1363.84
02-Apr-09,-,-,-,1339.11
01-Apr-09,-,-,-,1281.75
31-Mar-09,-,-,-,1264.85
30-Mar-09,-,-,-,1245.33
27-Mar-09,-,-,-,1291.33
26-Mar-09,-,-,-,1274.99
25-Mar-09,-,-,-,1242.96
24-Mar-09,-,-,-,1225.84
23-Mar-09,-,-,-,1229.41
20-Mar-09,-,-,-,1179.73
19-Mar-09,-,-,-,1182.7
18-Mar-09,-,-,-,1176.84
17-Mar-09,-,-,-,1159.76
16-Mar-09,-,-,-,1165.52
13-Mar-09,-,-,-,1137.89
12-Mar-09,-,-,-,1099.5
09-Mar-09,-,-,-,1084.51
06-Mar-09,-,-,-,1104.09
05-Mar-09,-,-,-,1092.77
04-Mar-09,-,-,-,1118.28
03-Mar-09,-,-,-,1112.37
02-Mar-09,-,-,-,1132.43
27-Feb-09,-,-,-,1165.31
26-Feb-09,-,-,-,1170.59
25-Feb-09,-,-,-,1165.69
24-Feb-09,-,-,-,1156.26
20-Feb-09,-,-,-,1161.98
19-Feb-09,-,-,-,1183.95
18-Feb-09,-,-,-,1180.25
17-Feb-09,-,-,-,1179.61
16-Feb-09,-,-,-,1210.53
13-Feb-09,-,-,-,1249.54
12-Feb-09,-,-,-,1228.49
11-Feb-09,-,-,-,1238.28
10-Feb-09,-,-,-,1240.71
09-Feb-09,-,-,-,1234.25
06-Feb-09,-,-,-,1203.25
05-Feb-09,-,-,-,1179.12
04-Feb-09,-,-,-,1188.4
03-Feb-09,-,-,-,1182.65
02-Feb-09,-,-,-,1180.72
30-Jan-09,-,-,-,1219.14
29-Jan-09,-,-,-,1198.81
28-Jan-09,-,-,-,1207.79
27-Jan-09,-,-,-,1175.57
23-Jan-09,-,-,-,1144.92
22-Jan-09,-,-,-,1162.85
21-Jan-09,-,-,-,1166.28
20-Jan-09,-,-,-,1200.64
19-Jan-09,-,-,-,1217.49
16-Jan-09,-,-,-,1209.26
15-Jan-09,-,-,-,1178.79
14-Jan-09,-,-,-,1215.9
13-Jan-09,-,-,-,1180.96
12-Jan-09,-,-,-,1194.17
09-Jan-09,-,-,-,1229.97
07-Jan-09,-,-,-,1255.71
06-Jan-09,-,-,-,1344.23
05-Jan-09,-,-,-,1345.45
02-Jan-09,-,-,-,1316.13
01-Jan-09,-,-,-,1305.22
